id,date,title,summary,root_cause,countermeasure,product,client,tags,severity,owner,lead_time_hours,tacit_notes,leadtime_bucket_calc,normalized_tags,summary_ja,severity_pred,leadtime_bucket
1,2025/08/15,倉庫ロケミス,倉庫ロケミスが発生し対応を実施。追加工数が発生。,作業標準未確認,作業動線見直し,POP,G流通,異物;物流,Medium,製造三課,24,現場からのヒアリング情報を基に要因をナレッジ化予定。,8-24h,"物流,異物",作業標準未確認が原因で倉庫ロケーションミスが発生。対策として作業動線の見直しと標準の確認・順守を徹底する。,3,8-24h
2,2025/09/30,糊付け不足,糊付け不足が発生し対応を実施。追加工数が発生。,センサー汚れ,湿度管理強化,ラベル,J飲料,データ,High,資材課,4,現場からのヒアリング情報を基に要因をナレッジ化予定。,～8h,"接着,センサー,湿度,再作業,データ",糊付け不足の原因はセンサーの汚れ。対策として湿度管理を強化し再発防止を図る。,4,～8h
3,2025/04/11,給油不足,給油不足が発生し対応を実施。追加工数が発生。,人的ミス,二重チェック導入,カタログ,E通販,印刷;工程;異物,Medium,物流課,16,現場からのヒアリング情報を基に要因をナレッジ化予定。,8-24h,"印刷,工程,異物",給油不足は人的ミスが原因。再発防止として二重チェックを導入し、工程管理を強化。,3,8-24h
4,2025/07/04,梱包ミス,梱包ミスが発生し対応を実施。追加工数が発生。,粉塵堆積,センサー清掃頻度増加,ポスター,B食品,物流,Critical,製造二課,36,現場からのヒアリング情報を基に要因をナレッジ化予定。,24-72h,"物流,梱包,粉塵,センサー",粉塵堆積によりセンサーが誤作動して梱包ミスと追加工数が発生。センサーの清掃頻度を増やして再発防止を図る。,5,24-72h
5,2025/09/05,見当不良,見当不良が発生し対応を実施。追加工数が発生。,設定ミス,湿度管理強化,ラベル,C電機,異物;製本;データ,Critical,製造一課,48,現場からのヒアリング情報を基に要因をナレッジ化予定。,24-72h,"異物,製本,データ",設定ミスにより見当不良が発生し追加工数が発生。湿度管理を強化して再発防止を図る。,5,24-72h
6,2025/07/30,梱包ミス,梱包ミスが発生し対応を実施。追加工数が発生。,静電気,湿度管理強化,ラベル,D製薬,検査;異物,Medium,設備保全部,4,現場からのヒアリング情報を基に要因をナレッジ化予定。,～8h,"梱包,検査,異物,静電気,湿度管理",梱包ミスは静電気の影響で発生。対策として湿度管理を強化し再発防止を図る。,3,～8h
7,2025/07/09,出荷誤配送,出荷誤配送が発生し対応を実施。追加工数が発生。,センサー汚れ,センサー清掃頻度増加,書籍,D製薬,製本;物流;検査,Low,物流課,24,現場からのヒアリング情報を基に要因をナレッジ化予定。,8-24h,"製本,物流,検査",センサーの汚れが原因で出荷時に誤配送が発生。対策としてセンサーの清掃頻度を増やして再発防止を図る。,2,8-24h
8,2025/04/08,紙粉多発,紙粉多発が発生し対応を実施。追加工数が発生。,外注ミス,センサー清掃頻度増加,カタログ,B食品,データ,High,物流課,6,現場からのヒアリング情報を基に要因をナレッジ化予定。,～8h,"紙粉,外注,清掃,センサー,データ",外注ミスにより紙粉が多発。対策としてセンサーの清掃頻度を増やし再発抑制を図る。,4,～8h
9,2025/06/24,版材キズ,版材キズが発生し対応を実施。追加工数が発生。,設定ミス,材料受入強化,チラシ,H化粧品,データ,Medium,工程管理課,36,現場からのヒアリング情報を基に要因をナレッジ化予定。,24-72h,データ,設定ミスにより版材にキズが発生し追加工数が発生。材料受入の強化で再発防止を図る。,3,24-72h
10,2025/07/14,給紙二重送り,給紙二重送りが発生し対応を実施。追加工数が発生。,外注ミス,排気改善,パッケージ箱,B食品,製本,High,物流課,4,現場からのヒアリング情報を基に要因をナレッジ化予定。,～8h,"給紙,外注,排気,製本",外注工程のミスにより給紙で二重送りが発生し追加工数が発生。排気を改善して再発防止を図る。,4,～8h
11,2025/08/20,油圧低下,油圧低下が発生し対応を実施。追加工数が発生。,人的ミス,排気改善,POP,B食品,異物,Low,設備保全部,2,現場からのヒアリング情報を基に要因をナレッジ化予定。,～8h,異物,人的ミスにより油圧が低下。排気改善で対応し、再発防止を図る。,2,～8h
12,2025/08/01,PP剥がれ,PP剥がれが発生し対応を実施。追加工数が発生。,人的ミス,センサー清掃頻度増加,パッケージ箱,B食品,工程;後加工,Medium,工程管理課,6,現場からのヒアリング情報を基に要因をナレッジ化予定。,～8h,"後加工,工程",PP剥がれが人的ミスにより発生。対策としてセンサー清掃頻度を増やして再発防止を図る。,3,～8h
13,2025/05/03,異物混入疑い,異物混入疑いが発生し対応を実施。追加工数が発生。,要因解析中,IoT監視強化,名刺,A商事,環境;物流;品質,Critical,工程管理課,8,現場からのヒアリング情報を基に要因をナレッジ化予定。,～8h,"環境,物流,品質",異物混入の疑いが発生し原因は解析中。暫定対策としてIoT監視を強化して対応し、追加工数が発生。,5,～8h
14,2025/08/09,バーコード読取不良,バーコード読取不良が発生し対応を実施。追加工数が発生。,人的ミス,排気改善,冊子,F出版社,品質;工程,High,資材課,8,現場からのヒアリング情報を基に要因をナレッジ化予定。,～8h,"品質,工程",バーコード読取不良は人的ミスが原因。排気改善を実施し、再発防止と作業効率の回復を図る。,4,～8h
15,2025/09/05,プリセット値誤設定,プリセット値誤設定が発生し対応を実施。追加工数が発生。,外注ミス,設備点検強化,ラベル,H化粧品,環境;物流;製本,Medium,製造一課,16,現場からのヒアリング情報を基に要因をナレッジ化予定。,8-24h,"環境,物流,製本",原因は外注によるプリセット値の誤設定で追加工数が発生。対策として設備点検を強化し再発防止を図る。,3,8-24h
16,2025/09/10,支給データ破損,支給データ破損が発生し対応を実施。追加工数が発生。,排気不足,排気改善,マニュアル,G流通,製本;品質;データ,High,資材課,12,現場からのヒアリング情報を基に要因をナレッジ化予定。,8-24h,"製本,品質,データ",支給データが破損し追加工数が発生。原因は排気不足のため、排気改善で再発防止を図る。,4,8-24h
17,2025/05/19,インキ汚れ,インキ汚れが発生し対応を実施。追加工数が発生。,外注ミス,標準書改訂,パッケージ箱,D製薬,印刷,Critical,工程管理課,36,現場からのヒアリング情報を基に要因をナレッジ化予定。,24-72h,"印刷,インキ,汚れ,外注,標準書",外注ミスによりインキ汚れが発生し追加工数が発生。対策として標準書を改訂し再発防止を図る。,5,24-72h
18,2025/06/23,糊付け不足,糊付け不足が発生し対応を実施。追加工数が発生。,排気不足,標準書改訂,ポスター,I自動車,環境;製本;品質,High,設備保全部,48,現場からのヒアリング情報を基に要因をナレッジ化予定。,24-72h,"環境,製本,品質",排気不足により糊付け不足が発生した。標準書を改訂して排気管理基準を明確化・徹底し、再発を防止する。,4,24-72h
19,2025/08/25,インキ汚れ,インキ汚れが発生し対応を実施。追加工数が発生。,受入検査不備,試し刷り増加,書籍,I自動車,環境;製本;印刷,High,品質管理課,12,現場からのヒアリング情報を基に要因をナレッジ化予定。,8-24h,"環境,製本,印刷",受入検査の不備によりインキ汚れが発生。試し刷りを増やして事前検出を強化し、再発防止を図る。,4,8-24h
20,2025/04/28,QR印字欠け,QR印字欠けが発生し対応を実施。追加工数が発生。,環境変動,校正プロセス強化,ポスター,J飲料,異物;設備,High,物流課,48,現場からのヒアリング情報を基に要因をナレッジ化予定。,24-72h,"異物,設備",環境変動によりポスターのQRコード印字が欠け、追加工数が発生。校正プロセスを強化して印字品質の安定化と再発防止を図る。,4,24-72h
21,2025/09/18,断裁寸法不良,断裁寸法不良が発生し対応を実施。追加工数が発生。,設定ミス,排気改善,チラシ,G流通,安全,Medium,物流課,2,現場からのヒアリング情報を基に要因をナレッジ化予定。,～8h,"断裁,寸法,設定,排気,安全",設定ミスにより断裁寸法不良が発生。排気改善を実施し再発防止を図る。,3,～8h
22,2025/06/19,糊付け不足,糊付け不足が発生し対応を実施。追加工数が発生。,粉塵堆積,材料受入強化,ラベル,J飲料,データ,Medium,製造二課,48,現場からのヒアリング情報を基に要因をナレッジ化予定。,24-72h,"接着,異物,受入検査,ラベル,再作業",粉塵の堆積により糊付け不足が発生。材料受入を強化して異物混入を抑制し、再発防止を図る。,3,24-72h
23,2025/04/23,インキロット異常,インキロット異常が発生し対応を実施。追加工数が発生。,粉塵堆積,センサー清掃頻度増加,マニュアル,H化粧品,後加工,Low,物流課,4,現場からのヒアリング情報を基に要因をナレッジ化予定。,～8h,後加工,インキロット異常はセンサーへの粉塵堆積が原因。センサー清掃頻度を増やして再発防止を図る。,2,～8h
24,2025/05/17,折りズレ,折りズレが発生し対応を実施。追加工数が発生。,機械疲労,設備点検強化,書籍,I自動車,検査,Low,製造三課,36,現場からのヒアリング情報を基に要因をナレッジ化予定。,24-72h,検査,機械疲労が原因で折りズレが発生し、追加工数が生じた。設備点検を強化して再発防止を図る。,2,24-72h
25,2025/05/26,裏移り,裏移りが発生し対応を実施。追加工数が発生。,教育不足,センサー清掃頻度増加,名刺,B食品,データ,Critical,資材課,2,現場からのヒアリング情報を基に要因をナレッジ化予定。,～8h,データ,名刺印刷で裏移りが発生。原因は教育不足で、対策としてセンサーの清掃頻度を増やす。,5,～8h
26,2025/04/16,油圧低下,油圧低下が発生し対応を実施。追加工数が発生。,人的ミス,作業動線見直し,カタログ,B食品,データ,Low,製造二課,24,現場からのヒアリング情報を基に要因をナレッジ化予定。,8-24h,"油圧,設備,人的ミス,動線,データ",人的ミスにより油圧低下が発生し追加工数が発生。対策として作業動線の見直しを実施。,2,24-72h
27,2025/04/05,ラベル貼付漏れ,ラベル貼付漏れが発生し対応を実施。追加工数が発生。,教育不足,標準書改訂,マニュアル,E通販,データ;設備;工程,High,設備保全部,8,現場からのヒアリング情報を基に要因をナレッジ化予定。,～8h,"データ,設備,工程",教育不足が原因でラベル貼付漏れが発生し、追加工数が発生。対策として標準書を改訂し再教育を実施する。,4,～8h
28,2025/06/17,PP剥がれ,PP剥がれが発生し対応を実施。追加工数が発生。,受入検査不備,試し刷り増加,書籍,C電機,異物,Critical,物流課,6,現場からのヒアリング情報を基に要因をナレッジ化予定。,～8h,異物混入,受入検査の不備によりPP剥がれが発生。対策として試し刷りを増やし検出精度を高めて再発防止する。,5,～8h
29,2025/09/02,給油不足,給油不足が発生し対応を実施。追加工数が発生。,環境変動,排気改善,パッケージ箱,B食品,後加工;安全,Critical,資材課,16,現場からのヒアリング情報を基に要因をナレッジ化予定。,8-24h,"後加工,安全",環境変動により給油不足が発生し追加工数が増加。排気改善で対応し再発抑制を図った。,5,8-24h
30,2025/04/14,見当不良,見当不良が発生し対応を実施。追加工数が発生。,作業標準未確認,ネットワーク監視強化,POP,D製薬,品質;印刷;後加工,Low,工程管理課,24,現場からのヒアリング情報を基に要因をナレッジ化予定。,8-24h,"印刷,品質,後加工,見当",作業標準の未確認により印刷で見当不良が発生し追加工数が発生。対策としてネットワーク監視を強化し再発防止を図る。,2,8-24h
31,2025/08/12,安全カバー未装着,安全カバー未装着が発生し対応を実施。追加工数が発生。,排気不足,湿度管理強化,チラシ,H化粧品,設備,High,設備保全部,8,現場からのヒアリング情報を基に要因をナレッジ化予定。,～8h,設備,原因は排気不足による環境不良で安全カバー未装着が発生。対策として湿度管理を強化し再発防止を図る。,4,～8h
32,2025/06/12,JDF連携不良,JDF連携不良が発生し対応を実施。追加工数が発生。,静電気,湿度管理強化,名刺,B食品,品質,Critical,物流課,12,現場からのヒアリング情報を基に要因をナレッジ化予定。,8-24h,"品質,連携,JDF,静電気,湿度",静電気が原因でJDF連携不良が発生し追加工数が発生。湿度管理を強化して静電気対策を実施。,4,8-24h
33,2025/05/02,インキロット異常,インキロット異常が発生し対応を実施。追加工数が発生。,システム障害,作業動線見直し,カタログ,A商事,安全;物流,Critical,物流課,16,現場からのヒアリング情報を基に要因をナレッジ化予定。,8-24h,"安全,物流",システム障害によりインキロット異常が発生し追加工数が発生。対策として作業動線を見直す。,4,8-24h
34,2025/04/20,箔押しムラ,箔押しムラが発生し対応を実施。追加工数が発生。,作業標準未確認,作業動線見直し,ラベル,C電機,環境,Medium,工程管理課,6,現場からのヒアリング情報を基に要因をナレッジ化予定。,～8h,"箔押し,外観,環境,手順",作業標準の未確認により箔押しムラが発生。作業動線を見直して再発防止を図る。,3,～8h
35,2025/09/11,ラミ気泡,ラミ気泡が発生し対応を実施。追加工数が発生。,人的ミス,センサー清掃頻度増加,名刺,B食品,品質;環境,Medium,製造三課,4,現場からのヒアリング情報を基に要因をナレッジ化予定。,～8h,"品質,環境",ラミネーション工程で気泡が発生し追加工数が発生。原因は人的ミスで、対策としてセンサーの清掃頻度を増やす。,3,～8h
36,2025/09/11,色ズレ,色ズレが発生し対応を実施。追加工数が発生。,システム障害,校正プロセス強化,名刺,A商事,製本,High,製造二課,8,現場からのヒアリング情報を基に要因をナレッジ化予定。,～8h,"色,システム障害,校正,名刺,製本",システム障害により色ズレが発生。校正プロセスを強化して再発防止を図る。,4,～8h
37,2025/06/16,異物混入疑い,異物混入疑いが発生し対応を実施。追加工数が発生。,環境変動,IoT監視強化,パッケージ箱,A商事,印刷;品質;データ,High,設備保全部,24,現場からのヒアリング情報を基に要因をナレッジ化予定。,8-24h,"印刷,品質,データ,異物混入,IoT",環境変動によりパッケージ箱で異物混入の疑いが発生し、追加工数が発生。IoTによる環境監視を強化して再発防止を図る。,4,24-72h
38,2025/09/18,設備モーター異常,設備モーター異常が発生し対応を実施。追加工数が発生。,システム障害,排気改善,チラシ,D製薬,製本,Critical,設備保全部,8,現場からのヒアリング情報を基に要因をナレッジ化予定。,～8h,"設備,モーター,システム障害,排気,製本",設備モーター異常はシステム障害が原因。排気改善を実施して再発抑制を図り、対応に追加工数が発生。,5,～8h
39,2025/06/14,温度上昇アラート,温度上昇アラートが発生し対応を実施。追加工数が発生。,粉塵堆積,試し刷り増加,書籍,I自動車,異物;安全,Low,物流課,2,現場からのヒアリング情報を基に要因をナレッジ化予定。,～8h,"異物,安全,温度,印刷,アラート",粉塵の堆積が原因で温度上昇アラートが発生。対策として試し刷りを増やして影響確認・抑制を実施。,2,～8h
40,2025/07/24,色ズレ,色ズレが発生し対応を実施。追加工数が発生。,伝達ミス,排気改善,カタログ,E通販,製本,Medium,資材課,24,現場からのヒアリング情報を基に要因をナレッジ化予定。,8-24h,"色,製本,情報伝達",伝達ミスにより色ズレが発生し追加工数が生じたため、対策として排気改善を実施。,3,24-72h
41,2025/07/14,給紙二重送り,給紙二重送りが発生し対応を実施。追加工数が発生。,外注ミス,ネットワーク監視強化,ポスター,C電機,安全,Critical,設備保全部,2,現場からのヒアリング情報を基に要因をナレッジ化予定。,～8h,"給紙,外注,監視,安全",外注ミスにより給紙で二重送りが発生し、追加工数が発生。対策としてネットワーク監視を強化して再発を抑止する。,4,～8h
42,2025/06/18,色ズレ,色ズレが発生し対応を実施。追加工数が発生。,粉塵堆積,IoT監視強化,ラベル,C電機,工程;印刷,Low,工程管理課,12,現場からのヒアリング情報を基に要因をナレッジ化予定。,8-24h,"印刷,工程,色",粉塵堆積が原因で色ズレが発生。対策としてIoT監視を強化し、再発防止を図る。,2,8-24h
43,2025/06/18,給油不足,給油不足が発生し対応を実施。追加工数が発生。,要因解析中,二重チェック導入,カタログ,A商事,物流,High,製造二課,16,現場からのヒアリング情報を基に要因をナレッジ化予定。,8-24h,物流,給油不足により作業遅延と追加工数が発生。原因は解析中で、対策として給油工程の二重チェックを導入。,4,8-24h
44,2025/04/20,電源瞬断,電源瞬断が発生し対応を実施。追加工数が発生。,人的ミス,標準書改訂,ポスター,B食品,設備;品質,High,工程管理課,6,現場からのヒアリング情報を基に要因をナレッジ化予定。,～8h,"設備,品質",電源瞬断は人的ミスが原因で追加工数が発生。再発防止として標準書を改訂する。,4,～8h
45,2025/06/11,倉庫ロケミス,倉庫ロケミスが発生し対応を実施。追加工数が発生。,排気不足,標準書改訂,カタログ,A商事,物流,Medium,品質管理課,2,現場からのヒアリング情報を基に要因をナレッジ化予定。,～8h,物流,倉庫ロケミスの原因は排気不足で、再発防止として標準書を改訂する。,3,～8h
46,2025/06/21,抜き不良,抜き不良が発生し対応を実施。追加工数が発生。,伝達ミス,二重チェック導入,POP,E通販,安全;後加工,Low,製造三課,6,現場からのヒアリング情報を基に要因をナレッジ化予定。,～8h,"後加工,安全,伝達",伝達ミスにより後加工の抜き不良が発生し、追加工数が発生。対策として二重チェックを導入する。,2,～8h
47,2025/05/23,断裁寸法不良,断裁寸法不良が発生し対応を実施。追加工数が発生。,教育不足,材料受入強化,ポスター,D製薬,製本,Medium,製造二課,16,現場からのヒアリング情報を基に要因をナレッジ化予定。,8-24h,"製本,断裁,寸法",教育不足により断裁の寸法不良が発生。材料受入を強化し、基準適合の確認を徹底して不良の再発を抑制する。,3,8-24h
48,2025/06/08,ヒヤリハット発生,ヒヤリハット発生が発生し対応を実施。追加工数が発生。,機械疲労,試し刷り増加,カタログ,D製薬,安全;物流;品質,High,製造三課,2,現場からのヒアリング情報を基に要因をナレッジ化予定。,～8h,"安全,品質,物流",機械疲労が原因のヒヤリハットが発生。対策として試し刷りを増やして安全・品質の確認を強化。,4,～8h
49,2025/08/05,静電気付着,静電気付着が発生し対応を実施。追加工数が発生。,受入検査不備,試し刷り増加,ポスター,I自動車,物流;安全,Low,製造二課,4,現場からのヒアリング情報を基に要因をナレッジ化予定。,～8h,"物流,安全",受入検査の不備が原因で静電気付着が発生し追加工数が発生。対策として試し刷りを増やして早期検知・是正を行う。,2,～8h
50,2025/09/30,ヒヤリハット発生,ヒヤリハット発生が発生し対応を実施。追加工数が発生。,設備劣化,材料受入強化,ラベル,F出版社,設備;環境;製本,Medium,資材課,48,現場からのヒアリング情報を基に要因をナレッジ化予定。,24-72h,"設備,環境,製本",設備劣化が原因でヒヤリハットが発生し、追加工数が発生。対策として材料受入強化を実施。,3,24-72h
51,2025/07/22,QR印字欠け,QR印字欠けが発生し対応を実施。追加工数が発生。,静電気,材料受入強化,カタログ,C電機,異物;品質,High,製造二課,24,現場からのヒアリング情報を基に要因をナレッジ化予定。,8-24h,"品質,異物",静電気によりQRコードの印字欠けが発生し追加工数が発生。対策として材料受入強化を実施し、静電気由来の不具合抑制を図る。,4,8-24h
52,2025/04/24,裏移り,裏移りが発生し対応を実施。追加工数が発生。,静電気,校正プロセス強化,書籍,D製薬,安全;品質;データ,Medium,工程管理課,8,現場からのヒアリング情報を基に要因をナレッジ化予定。,～8h,"安全,品質,データ",静電気により書籍で裏移りが発生。対策として校正プロセスを強化し再発防止を図る。,3,～8h
53,2025/04/16,ヒヤリハット発生,ヒヤリハット発生が発生し対応を実施。追加工数が発生。,原材料ロット不良,IoT監視強化,ラベル,J飲料,物流,High,製造一課,48,現場からのヒアリング情報を基に要因をナレッジ化予定。,24-72h,"原材料,ロット不良,監視,物流",原因は原材料ロット不良で、IoT監視を強化して早期検知・再発防止を図る。対応により追加工数が発生。,4,24-72h
54,2025/08/20,作業手順未遵守,作業手順未遵守が発生し対応を実施。追加工数が発生。,静電気,二重チェック導入,カタログ,I自動車,設備;物流,High,製造二課,16,現場からのヒアリング情報を基に要因をナレッジ化予定。,8-24h,"設備,物流",静電気の影響で作業手順未遵守が発生し、追加工数が生じた。対策として二重チェックを導入し再発防止を図る。,4,8-24h
55,2025/07/02,センサー誤検知,センサー誤検知が発生し対応を実施。追加工数が発生。,伝達ミス,試し刷り増加,チラシ,C電機,物流;設備,Low,製造三課,2,現場からのヒアリング情報を基に要因をナレッジ化予定。,～8h,"設備,物流",センサーの誤検知は伝達ミスが原因。対策として試し刷りを増やして再発防止を図る。,2,～8h
56,2025/08/15,紙粉多発,紙粉多発が発生し対応を実施。追加工数が発生。,設備劣化,作業動線見直し,カタログ,G流通,検査;物流;安全,Critical,資材課,24,現場からのヒアリング情報を基に要因をナレッジ化予定。,8-24h,"検査,物流,安全",設備の劣化により紙粉が多発。作業動線を見直し、再発防止と追加工数の抑制を図る。,4,8-24h
57,2025/08/14,RIPエラー,RIPエラーが発生し対応を実施。追加工数が発生。,システム障害,二重チェック導入,POP,E通販,検査,Medium,製造二課,16,現場からのヒアリング情報を基に要因をナレッジ化予定。,8-24h,"検査,システム障害,RIP",原因はシステム障害によるRIPエラーで追加工数が発生。対策として二重チェックを導入し再発防止を図る。,3,8-24h
58,2025/05/15,RIPエラー,RIPエラーが発生し対応を実施。追加工数が発生。,教育不足,標準書改訂,マニュアル,C電機,データ;印刷;設備,Medium,資材課,48,現場からのヒアリング情報を基に要因をナレッジ化予定。,24-72h,"データ,印刷,設備",RIPエラーは教育不足が原因。標準書を改訂し手順を明確化して教育を強化することで再発防止する。,3,24-72h
59,2025/09/26,ネットワーク断,ネットワーク断が発生し対応を実施。追加工数が発生。,作業標準未確認,センサー清掃頻度増加,パッケージ箱,E通販,安全;後加工,High,物流課,4,現場からのヒアリング情報を基に要因をナレッジ化予定。,～8h,"安全,後加工",作業標準未確認が原因でネットワーク断が発生。対策としてセンサー清掃の頻度を増やす。,4,～8h
60,2025/05/28,色ズレ,色ズレが発生し対応を実施。追加工数が発生。,設定ミス,教育訓練実施,POP,F出版社,製本;工程;データ,Critical,製造一課,36,現場からのヒアリング情報を基に要因をナレッジ化予定。,24-72h,"色,製本,工程,データ",設定ミスにより色ズレが発生し追加工数が発生。教育訓練を実施して設定の再確認体制を整え、再発防止を図る。,5,24-72h
61,2025/05/09,PP剥がれ,PP剥がれが発生し対応を実施。追加工数が発生。,センサー汚れ,作業動線見直し,ポスター,J飲料,異物,Critical,資材課,6,現場からのヒアリング情報を基に要因をナレッジ化予定。,～8h,異物,センサー汚れが原因でPP剥がれが発生。作業動線を見直して汚れの発生を抑え、再発防止と追加工数の削減を図る。,5,～8h
62,2025/07/29,排気ダクト詰まり,排気ダクト詰まりが発生し対応を実施。追加工数が発生。,要因解析中,排気改善,POP,C電機,異物,High,設備保全部,8,現場からのヒアリング情報を基に要因をナレッジ化予定。,～8h,異物,排気ダクトが詰まり、作業に追加工数が発生。原因は解析中で、排気改善を実施。,4,～8h
63,2025/04/24,梱包ミス,梱包ミスが発生し対応を実施。追加工数が発生。,排気不足,材料受入強化,書籍,B食品,データ,Low,設備保全部,12,現場からのヒアリング情報を基に要因をナレッジ化予定。,8-24h,"梱包,排気,材料受入,データ",梱包ミスは排気不足が原因とみられ、材料受入強化で再発防止を図る。対応済みだが追加工数が発生。,2,8-24h
64,2025/05/06,梱包ミス,梱包ミスが発生し対応を実施。追加工数が発生。,粉塵堆積,センサー清掃頻度増加,マニュアル,A商事,製本;検査;設備,Medium,品質管理課,48,現場からのヒアリング情報を基に要因をナレッジ化予定。,24-72h,"製本,検査,設備",粉塵堆積が原因で梱包ミスが発生。センサーの清掃頻度を増やして再発を防止する。,3,24-72h
65,2025/09/27,搬送ベルト滑り,搬送ベルト滑りが発生し対応を実施。追加工数が発生。,原材料ロット不良,教育訓練実施,ポスター,G流通,設備;データ;物流,Medium,物流課,16,現場からのヒアリング情報を基に要因をナレッジ化予定。,8-24h,"設備,データ,物流",原材料ロット不良により搬送ベルトが滑り追加工数が発生。対策として教育訓練を実施し再発防止を図る。,3,8-24h
66,2025/04/08,PP剥がれ,PP剥がれが発生し対応を実施。追加工数が発生。,要因解析中,ネットワーク監視強化,冊子,E通販,工程;製本;印刷,Low,資材課,6,現場からのヒアリング情報を基に要因をナレッジ化予定。,～8h,"印刷,製本,表面加工,剥がれ,工程",冊子のPP剥がれが発生し追加工数が発生。原因は解析中で、暫定対応としてネットワーク監視を強化。,2,～8h
67,2025/06/15,ネットワーク断,ネットワーク断が発生し対応を実施。追加工数が発生。,排気不足,教育訓練実施,カタログ,G流通,後加工,Medium,品質管理課,6,現場からのヒアリング情報を基に要因をナレッジ化予定。,～8h,後加工,原因は排気不足によるネットワーク断。対策として教育訓練を実施し再発防止を図る。,3,～8h
68,2025/05/15,エンボス不良,エンボス不良が発生し対応を実施。追加工数が発生。,原材料ロット不良,湿度管理強化,POP,H化粧品,工程;異物;設備,Low,物流課,24,現場からのヒアリング情報を基に要因をナレッジ化予定。,8-24h,"工程,異物,設備",原材料ロット不良によりエンボス不良が発生。湿度管理を強化して再発防止を図る。,2,8-24h
69,2025/08/03,RIPエラー,RIPエラーが発生し対応を実施。追加工数が発生。,人的ミス,IoT監視強化,チラシ,G流通,環境;異物,Medium,物流課,4,現場からのヒアリング情報を基に要因をナレッジ化予定。,～8h,"環境,異物",RIPエラーは人的ミスが原因で発生し、IoT監視を強化して再発を防止する。,3,～8h
70,2025/06/12,裏移り,裏移りが発生し対応を実施。追加工数が発生。,受入検査不備,作業動線見直し,チラシ,B食品,工程,Medium,製造一課,24,現場からのヒアリング情報を基に要因をナレッジ化予定。,8-24h,"印刷不良,工程,検査",受入検査不備が原因で裏移りが発生し追加工数が発生。対策として作業動線を見直して再発防止を図る。,3,8-24h
71,2025/07/18,インキロット異常,インキロット異常が発生し対応を実施。追加工数が発生。,排気不足,排気改善,POP,D製薬,工程;異物;検査,High,製造二課,4,現場からのヒアリング情報を基に要因をナレッジ化予定。,～8h,"工程,異物,検査",排気不足が原因でインキロット異常が発生。排気改善で是正し、追加工数で対応済み。,4,～8h
72,2025/06/02,搬送ベルト滑り,搬送ベルト滑りが発生し対応を実施。追加工数が発生。,教育不足,ネットワーク監視強化,カタログ,J飲料,印刷;異物,Critical,資材課,16,現場からのヒアリング情報を基に要因をナレッジ化予定。,8-24h,"印刷,異物",搬送ベルト滑りが発生し、原因は教育不足。対策としてネットワーク監視を強化する。,5,8-24h
73,2025/04/28,ヒヤリハット発生,ヒヤリハット発生が発生し対応を実施。追加工数が発生。,要因解析中,ネットワーク監視強化,名刺,C電機,印刷,High,工程管理課,12,現場からのヒアリング情報を基に要因をナレッジ化予定。,8-24h,"印刷,ネットワーク,監視",ヒヤリハット発生の原因は解析中だが、影響抑制のためネットワーク監視を強化して対応し、追加工数が発生。,4,8-24h
74,2025/06/30,ネットワーク断,ネットワーク断が発生し対応を実施。追加工数が発生。,設定ミス,IoT監視強化,POP,G流通,データ,High,工程管理課,48,現場からのヒアリング情報を基に要因をナレッジ化予定。,24-72h,"ネットワーク,設定,監視,IoT,データ",設定ミスによりネットワーク断が発生し追加工数が発生。IoT監視を強化して再発防止を図る。,4,24-72h
75,2025/08/28,型抜きズレ,型抜きズレが発生し対応を実施。追加工数が発生。,設備劣化,二重チェック導入,チラシ,E通販,品質;データ;印刷,Medium,品質管理課,4,現場からのヒアリング情報を基に要因をナレッジ化予定。,～8h,"品質,データ,印刷",設備劣化により型抜きズレが発生し、追加工数が発生。二重チェックを導入して再発防止を図る。,3,～8h
76,2025/04/25,静電気付着,静電気付着が発生し対応を実施。追加工数が発生。,教育不足,設備点検強化,マニュアル,H化粧品,安全;環境,High,品質管理課,12,現場からのヒアリング情報を基に要因をナレッジ化予定。,8-24h,"安全,環境",静電気付着の発生は教育不足が原因で、設備点検を強化して再発防止を図る。,4,8-24h
77,2025/09/19,インキ汚れ,インキ汚れが発生し対応を実施。追加工数が発生。,機械疲労,IoT監視強化,POP,J飲料,設備;製本,High,物流課,12,現場からのヒアリング情報を基に要因をナレッジ化予定。,8-24h,"設備,製本",インキ汚れの原因は機械疲労。IoT監視を強化して異常の早期検知と再発防止を図る。,4,8-24h
78,2025/05/22,設備モーター異常,設備モーター異常が発生し対応を実施。追加工数が発生。,計画変更未連携,ネットワーク監視強化,パッケージ箱,I自動車,製本,Medium,製造三課,24,現場からのヒアリング情報を基に要因をナレッジ化予定。,8-24h,"設備,モーター,計画連携不足,ネットワーク監視,製本",計画変更の未連携が原因で設備モーター異常が発生し追加工数が発生。対策はネットワーク監視を強化して早期検知と連携改善を図る。,3,8-24h
79,2025/07/04,箔押しムラ,箔押しムラが発生し対応を実施。追加工数が発生。,計画変更未連携,作業動線見直し,POP,G流通,物流,Low,製造二課,8,現場からのヒアリング情報を基に要因をナレッジ化予定。,～8h,"箔,品質,計画,物流",計画変更の未連携によりPOPの箔押しにムラが発生し、追加工数が発生。作業動線を見直して再発と工数増を抑制する。,2,～8h
80,2025/05/07,糊付け不足,糊付け不足が発生し対応を実施。追加工数が発生。,要因解析中,校正プロセス強化,ポスター,F出版社,異物;工程,High,物流課,16,現場からのヒアリング情報を基に要因をナレッジ化予定。,8-24h,"接着,工程",ポスターで糊付け不足が発生し追加工数が発生。原因は解析中で、校正プロセス強化により再発防止を図る。,4,8-24h
81,2025/09/09,搬送ベルト滑り,搬送ベルト滑りが発生し対応を実施。追加工数が発生。,原材料ロット不良,教育訓練実施,名刺,J飲料,環境;データ,Medium,製造三課,16,現場からのヒアリング情報を基に要因をナレッジ化予定。,8-24h,"環境,データ",原材料ロット不良が原因で搬送ベルトが滑り、追加工数が発生。対策として教育訓練を実施し再発防止を図る。,3,8-24h
82,2025/08/23,支給データ破損,支給データ破損が発生し対応を実施。追加工数が発生。,伝達ミス,IoT監視強化,マニュアル,A商事,安全;製本,High,設備保全部,48,現場からのヒアリング情報を基に要因をナレッジ化予定。,24-72h,"安全,製本",支給データ破損の原因は伝達ミス。IoT監視を強化して再発防止と追加工数の抑制を図る。,4,24-72h
83,2025/07/26,安全カバー未装着,安全カバー未装着が発生し対応を実施。追加工数が発生。,教育不足,校正プロセス強化,書籍,D製薬,異物,Medium,資材課,6,現場からのヒアリング情報を基に要因をナレッジ化予定。,～8h,異物,教育不足により安全カバー未装着が発生。校正プロセスを強化して再発を防止する。,3,～8h
84,2025/05/01,色ズレ,色ズレが発生し対応を実施。追加工数が発生。,外注ミス,校正プロセス強化,書籍,D製薬,異物;設備;後加工,Medium,物流課,48,現場からのヒアリング情報を基に要因をナレッジ化予定。,24-72h,"色,異物,設備,後加工",外注ミスにより書籍で色ズレが発生し追加工数が増加。対策として校正プロセスを強化する。,3,24-72h
85,2025/08/02,版材キズ,版材キズが発生し対応を実施。追加工数が発生。,排気不足,設備点検強化,カタログ,F出版社,印刷;異物;データ,Critical,製造一課,48,現場からのヒアリング情報を基に要因をナレッジ化予定。,24-72h,"印刷,異物,データ",原因は排気不足による版材キズ発生。対策として設備点検を強化し再発防止を図る。,5,24-72h
86,2025/05/29,紙粉多発,紙粉多発が発生し対応を実施。追加工数が発生。,伝達ミス,標準書改訂,名刺,B食品,設備;後加工,High,製造一課,2,現場からのヒアリング情報を基に要因をナレッジ化予定。,～8h,"設備,後加工",紙粉が多発して追加工数が発生。原因は伝達ミスで、標準書改訂により情報共有を強化し再発防止を図る。,4,～8h
87,2025/04/16,ローラー摩耗,ローラー摩耗が発生し対応を実施。追加工数が発生。,システム障害,ネットワーク監視強化,カタログ,D製薬,データ;物流,Medium,資材課,24,現場からのヒアリング情報を基に要因をナレッジ化予定。,8-24h,"データ,物流",原因はシステム障害によるローラー摩耗で追加工数が発生。対策はネットワーク監視を強化して早期検知と再発防止を図る。,3,24-72h
88,2025/06/13,型抜きズレ,型抜きズレが発生し対応を実施。追加工数が発生。,受入検査不備,設備点検強化,書籍,H化粧品,環境;物流,Low,工程管理課,2,現場からのヒアリング情報を基に要因をナレッジ化予定。,～8h,"環境,物流",受入検査不備により型抜きがずれ、追加工数が発生。設備点検を強化して再発防止を図る。,2,～8h
89,2025/08/15,油圧低下,油圧低下が発生し対応を実施。追加工数が発生。,機械疲労,ネットワーク監視強化,冊子,D製薬,物流,Low,製造三課,16,現場からのヒアリング情報を基に要因をナレッジ化予定。,8-24h,物流,機械疲労により油圧低下が発生し、追加工数が発生した。対策としてネットワーク監視を強化する。,2,8-24h
90,2025/06/05,インキロット異常,インキロット異常が発生し対応を実施。追加工数が発生。,伝達ミス,湿度管理強化,マニュアル,I自動車,環境;物流;設備,High,設備保全部,36,現場からのヒアリング情報を基に要因をナレッジ化予定。,24-72h,"環境,物流,設備",伝達ミスが原因でインキロット異常が発生し追加工数が発生。対策として湿度管理を強化し再発防止を図る。,4,24-72h
91,2025/08/28,断裁寸法不良,断裁寸法不良が発生し対応を実施。追加工数が発生。,人的ミス,IoT監視強化,チラシ,B食品,印刷,Critical,製造一課,8,現場からのヒアリング情報を基に要因をナレッジ化予定。,～8h,"印刷,断裁,寸法不良,人為ミス,IoT監視",人的ミスが原因の断裁寸法不良により追加工数が発生したため、IoT監視を強化して早期検知と再発防止を図る。,5,～8h
92,2025/08/15,粉塵センサー警報,粉塵センサー警報が発生し対応を実施。追加工数が発生。,排気不足,作業動線見直し,パッケージ箱,H化粧品,異物,Low,製造一課,12,現場からのヒアリング情報を基に要因をナレッジ化予定。,8-24h,"異物,粉塵,排気,警報,作業動線",排気不足により粉塵が滞留してセンサー警報が発生。作業動線を見直して排気効率を改善し再発を抑制。,2,8-24h
93,2025/07/01,見当不良,見当不良が発生し対応を実施。追加工数が発生。,環境変動,材料受入強化,パッケージ箱,J飲料,データ,High,品質管理課,4,現場からのヒアリング情報を基に要因をナレッジ化予定。,～8h,データ,環境変動により見当不良が発生し追加工数が発生。対策として材料受入の強化を実施。,4,～8h
94,2025/05/04,ネットワーク断,ネットワーク断が発生し対応を実施。追加工数が発生。,伝達ミス,設備点検強化,マニュアル,I自動車,物流;安全,Low,品質管理課,2,現場からのヒアリング情報を基に要因をナレッジ化予定。,～8h,"物流,安全",伝達ミスによりネットワーク断が発生したため、設備点検を強化して再発防止する。,2,～8h
95,2025/07/04,搬送ベルト滑り,搬送ベルト滑りが発生し対応を実施。追加工数が発生。,環境変動,センサー清掃頻度増加,チラシ,J飲料,製本,Low,品質管理課,48,現場からのヒアリング情報を基に要因をナレッジ化予定。,24-72h,"搬送,製本,環境,保守",環境変動により搬送ベルトが滑り追加工数が発生。センサーの清掃頻度を増やして検知精度を維持し再発防止を図る。,2,24-72h
96,2025/08/22,インキ汚れ,インキ汚れが発生し対応を実施。追加工数が発生。,人的ミス,ネットワーク監視強化,ポスター,F出版社,安全;環境,Low,製造一課,12,現場からのヒアリング情報を基に要因をナレッジ化予定。,8-24h,"安全,環境",インキ汚れは人的ミスが原因。対策としてネットワーク監視を強化する。,2,8-24h
97,2025/07/26,作業手順未遵守,作業手順未遵守が発生し対応を実施。追加工数が発生。,センサー汚れ,二重チェック導入,POP,B食品,検査;設備;物流,Low,資材課,8,現場からのヒアリング情報を基に要因をナレッジ化予定。,～8h,"検査,設備,物流",センサーの汚れで作業手順が未遵守となり追加工数が発生。二重チェックを導入して再発防止を図る。,2,～8h
98,2025/06/03,版材キズ,版材キズが発生し対応を実施。追加工数が発生。,原材料ロット不良,標準書改訂,ポスター,D製薬,後加工,Medium,資材課,48,現場からのヒアリング情報を基に要因をナレッジ化予定。,24-72h,後加工,原材料ロット不良により版材にキズが発生し追加工数が発生。再発防止として標準書を改訂する。,3,24-72h
99,2025/07/04,ラベル貼付漏れ,ラベル貼付漏れが発生し対応を実施。追加工数が発生。,静電気,標準書改訂,チラシ,D製薬,検査;後加工,Medium,品質管理課,16,現場からのヒアリング情報を基に要因をナレッジ化予定。,8-24h,"検査,後加工",静電気が原因でラベル貼付漏れが発生。標準書を改訂して再発防止を図る。,3,8-24h
100,2025/06/22,インキ汚れ,インキ汚れが発生し対応を実施。追加工数が発生。,人的ミス,設備点検強化,名刺,F出版社,検査,Medium,物流課,2,現場からのヒアリング情報を基に要因をナレッジ化予定。,～8h,検査,インキ汚れは人的ミスが原因で発生。設備点検を強化して再発防止を図る。,3,～8h
101,2025/07/14,RIPエラー,RIPエラーが発生し対応を実施。追加工数が発生。,センサー汚れ,作業動線見直し,名刺,B食品,製本;環境,High,設備保全部,24,現場からのヒアリング情報を基に要因をナレッジ化予定。,8-24h,"環境,製本",センサーの汚れが原因でRIPエラーが発生し、追加工数が発生。対策として作業動線を見直し、汚れの再発を防止する。,4,24-72h
102,2025/07/18,インキ汚れ,インキ汚れが発生し対応を実施。追加工数が発生。,伝達ミス,センサー清掃頻度増加,チラシ,A商事,後加工;環境,Critical,資材課,2,現場からのヒアリング情報を基に要因をナレッジ化予定。,～8h,"後加工,環境",インキ汚れは伝達ミスが原因。対策としてセンサー清掃の頻度を増やして再発防止を図る。,5,～8h
103,2025/09/20,色ズレ,色ズレが発生し対応を実施。追加工数が発生。,センサー汚れ,センサー清掃頻度増加,ラベル,I自動車,工程;後加工;品質,High,製造三課,16,現場からのヒアリング情報を基に要因をナレッジ化予定。,8-24h,"工程,後加工,品質,色",センサーの汚れが原因で色ズレが発生し、追加工数が発生。センサー清掃頻度を増やして再発防止を図る。,4,8-24h
104,2025/05/12,紙粉多発,紙粉多発が発生し対応を実施。追加工数が発生。,受入検査不備,校正プロセス強化,書籍,J飲料,後加工;印刷,Low,品質管理課,4,現場からのヒアリング情報を基に要因をナレッジ化予定。,～8h,"印刷,後加工",原因は受入検査の不備による紙粉多発。対策として校正プロセスを強化して再発防止を図る。,2,～8h
105,2025/04/29,作業手順未遵守,作業手順未遵守が発生し対応を実施。追加工数が発生。,計画変更未連携,教育訓練実施,名刺,H化粧品,安全;物流;データ,Low,製造二課,36,現場からのヒアリング情報を基に要因をナレッジ化予定。,24-72h,"安全,物流,データ",計画変更の未連携により作業手順が守られず追加工数が発生。対策として教育訓練を実施し、計画変更時の連携を徹底する。,2,24-72h
106,2025/06/04,RIPエラー,RIPエラーが発生し対応を実施。追加工数が発生。,受入検査不備,設備点検強化,名刺,C電機,印刷;環境;製本,Medium,物流課,48,現場からのヒアリング情報を基に要因をナレッジ化予定。,24-72h,"印刷,環境,製本",受入検査の不備によりRIPエラーが発生し追加工数が発生。設備点検を強化して再発防止を図る。,3,24-72h
107,2025/06/28,倉庫ロケミス,倉庫ロケミスが発生し対応を実施。追加工数が発生。,設備劣化,IoT監視強化,マニュアル,J飲料,安全;物流,High,製造一課,4,現場からのヒアリング情報を基に要因をナレッジ化予定。,～8h,"安全,物流",倉庫ロケーションミスは設備劣化が原因。IoT監視を強化して早期検知と再発防止を図る。,4,～8h
108,2025/09/25,インキロット異常,インキロット異常が発生し対応を実施。追加工数が発生。,排気不足,試し刷り増加,パッケージ箱,J飲料,環境;後加工,Low,物流課,16,現場からのヒアリング情報を基に要因をナレッジ化予定。,8-24h,"環境,後加工",排気不足が原因でインキロット異常が発生。対策として試し刷りを増やして品質確認を強化。,2,8-24h
109,2025/05/18,支給データ破損,支給データ破損が発生し対応を実施。追加工数が発生。,設定ミス,二重チェック導入,名刺,H化粧品,安全,Critical,物流課,24,現場からのヒアリング情報を基に要因をナレッジ化予定。,8-24h,"データ,設定,検証,名刺,安全",設定ミスで支給データが破損し追加工数が発生。対策として二重チェックを導入し、設定不備を早期検知・防止する。,5,8-24h
110,2025/05/09,裏移り,裏移りが発生し対応を実施。追加工数が発生。,粉塵堆積,IoT監視強化,チラシ,F出版社,印刷;環境;データ,High,資材課,12,現場からのヒアリング情報を基に要因をナレッジ化予定。,8-24h,"印刷,環境,データ",粉塵堆積により裏移りが発生。IoTによる監視を強化して再発防止を図る。,4,8-24h
111,2025/04/09,糊付け不足,糊付け不足が発生し対応を実施。追加工数が発生。,計画変更未連携,IoT監視強化,名刺,E通販,物流;製本;品質,Critical,製造一課,6,現場からのヒアリング情報を基に要因をナレッジ化予定。,～8h,"接着,製本,品質,物流",計画変更未連携が原因で糊付け不足が発生し追加工数が生じた。対策としてIoT監視を強化し、異常の早期検知と是正を図る。,5,～8h
112,2025/09/06,設備モーター異常,設備モーター異常が発生し対応を実施。追加工数が発生。,環境変動,センサー清掃頻度増加,カタログ,E通販,物流,Medium,設備保全部,24,現場からのヒアリング情報を基に要因をナレッジ化予定。,8-24h,"設備,モーター,環境,清掃,物流",環境変動により設備モーターが異常を起こし追加工数が発生。対策としてセンサーの清掃頻度を増やし、環境影響による不具合の再発抑止を図る。,3,8-24h
113,2025/09/24,搬送ベルト滑り,搬送ベルト滑りが発生し対応を実施。追加工数が発生。,原材料ロット不良,IoT監視強化,書籍,E通販,異物,Low,物流課,6,現場からのヒアリング情報を基に要因をナレッジ化予定。,～8h,異物,原材料ロット不良により搬送ベルトが滑り追加工数が発生。IoT監視を強化して再発防止を図る。,2,～8h
114,2025/07/25,JDF連携不良,JDF連携不良が発生し対応を実施。追加工数が発生。,伝達ミス,湿度管理強化,冊子,D製薬,後加工;工程;検査,Critical,設備保全部,36,現場からのヒアリング情報を基に要因をナレッジ化予定。,24-72h,"後加工,工程,検査",JDF連携不良は伝達ミスが原因。対策として湿度管理を強化。,5,24-72h
115,2025/04/02,紙粉多発,紙粉多発が発生し対応を実施。追加工数が発生。,計画変更未連携,設備点検強化,カタログ,C電機,環境,High,工程管理課,48,現場からのヒアリング情報を基に要因をナレッジ化予定。,24-72h,"紙粉,環境,連携不足,設備点検",計画変更の未連携が原因で紙粉が多発し追加工数が発生。設備点検を強化して再発を抑制する。,4,24-72h
116,2025/04/26,版材キズ,版材キズが発生し対応を実施。追加工数が発生。,原材料ロット不良,センサー清掃頻度増加,名刺,F出版社,後加工;製本;品質,High,物流課,4,現場からのヒアリング情報を基に要因をナレッジ化予定。,～8h,"後加工,製本,品質",原材料ロット不良により版材にキズが発生し追加工数が発生。対策としてセンサーの清掃頻度を増やす。,4,～8h
117,2025/06/19,静電気付着,静電気付着が発生し対応を実施。追加工数が発生。,センサー汚れ,設備点検強化,POP,B食品,印刷;安全;後加工,Low,物流課,8,現場からのヒアリング情報を基に要因をナレッジ化予定。,～8h,"印刷,安全,後加工",静電気付着はセンサー汚れが原因。設備点検を強化し、汚れの早期発見・清掃で再発防止を図る。,2,～8h
118,2025/04/09,出荷誤配送,出荷誤配送が発生し対応を実施。追加工数が発生。,要因解析中,標準書改訂,マニュアル,D製薬,工程;製本,High,製造三課,36,現場からのヒアリング情報を基に要因をナレッジ化予定。,24-72h,"出荷,工程,製本",出荷誤配送により追加工数が発生し、原因は調査中。標準書の改訂で誤配送の再発防止と工程是正を図る。,4,24-72h
119,2025/04/14,センサー誤検知,センサー誤検知が発生し対応を実施。追加工数が発生。,計画変更未連携,排気改善,ポスター,H化粧品,物流;検査;製本,Medium,工程管理課,36,現場からのヒアリング情報を基に要因をナレッジ化予定。,24-72h,"物流,検査,製本",計画変更の未連携によりセンサーが誤検知し、追加工数が発生。対策として排気改善を行い、検査環境を整えて検知精度の安定化を図る。,3,24-72h
120,2025/08/05,ラミ気泡,ラミ気泡が発生し対応を実施。追加工数が発生。,排気不足,排気改善,ラベル,F出版社,印刷;設備,Low,資材課,6,現場からのヒアリング情報を基に要因をナレッジ化予定。,～8h,"印刷,設備",排気不足によりラミネート工程で気泡が発生。排気の改善で再発防止を図る。,2,～8h
121,2025/05/01,紙粉多発,紙粉多発が発生し対応を実施。追加工数が発生。,センサー汚れ,センサー清掃頻度増加,カタログ,G流通,安全,Medium,製造一課,16,現場からのヒアリング情報を基に要因をナレッジ化予定。,8-24h,"紙粉,センサー,清掃,安全",原因はセンサーの汚れによる紙粉多発。対策としてセンサーの清掃頻度を増やし再発防止を図る。,3,8-24h
122,2025/04/26,静電気付着,静電気付着が発生し対応を実施。追加工数が発生。,センサー汚れ,ネットワーク監視強化,ポスター,D製薬,製本;物流;印刷,High,品質管理課,48,現場からのヒアリング情報を基に要因をナレッジ化予定。,24-72h,"印刷,製本,物流,静電気",静電気付着はセンサーの汚れが原因。対策としてネットワーク監視を強化し、再発防止を図る。,4,24-72h
123,2025/07/20,ネットワーク断,ネットワーク断が発生し対応を実施。追加工数が発生。,原材料ロット不良,教育訓練実施,POP,H化粧品,異物;データ;物流,Low,物流課,36,現場からのヒアリング情報を基に要因をナレッジ化予定。,24-72h,"異物,データ,物流",ネットワーク断が発生し追加工数が発生。原因は原材料ロット不良で、対策として教育訓練を実施。,3,24-72h
124,2025/09/14,梱包ミス,梱包ミスが発生し対応を実施。追加工数が発生。,機械疲労,試し刷り増加,名刺,I自動車,検査;安全;品質,Medium,資材課,48,現場からのヒアリング情報を基に要因をナレッジ化予定。,24-72h,"検査,安全,品質",梱包ミスは機械疲労が原因で発生。対策として試し刷りを増やし検査を強化して再発を防止する。,3,24-72h
125,2025/09/06,QR印字欠け,QR印字欠けが発生し対応を実施。追加工数が発生。,環境変動,材料受入強化,パッケージ箱,F出版社,設備,Low,物流課,6,現場からのヒアリング情報を基に要因をナレッジ化予定。,～8h,設備,環境変動によりQRの印字欠けが発生。対策として材料受入強化を実施して再発防止を図る。,2,～8h
126,2025/06/15,版材キズ,版材キズが発生し対応を実施。追加工数が発生。,受入検査不備,校正プロセス強化,マニュアル,F出版社,安全,Critical,物流課,24,現場からのヒアリング情報を基に要因をナレッジ化予定。,8-24h,安全,受入検査の不備で版材にキズが発生し追加工数が増加。校正プロセスを強化して再発防止を図る。,4,24-72h
127,2025/09/04,箔押しムラ,箔押しムラが発生し対応を実施。追加工数が発生。,粉塵堆積,IoT監視強化,カタログ,I自動車,物流,Low,製造二課,8,現場からのヒアリング情報を基に要因をナレッジ化予定。,～8h,"箔,粉塵,IoT,物流",粉塵堆積により箔押しムラが発生。IoT監視を強化して粉塵の堆積状況を可視化・管理し、再発を抑制する。,2,～8h
128,2025/04/25,インキロット異常,インキロット異常が発生し対応を実施。追加工数が発生。,設定ミス,教育訓練実施,名刺,G流通,製本;後加工;データ,Low,工程管理課,24,現場からのヒアリング情報を基に要因をナレッジ化予定。,8-24h,"製本,後加工,データ",設定ミスによりインキロット異常が発生し追加工数が発生。対策として教育訓練を実施し再発防止を図る。,2,8-24h
129,2025/08/30,ローラー摩耗,ローラー摩耗が発生し対応を実施。追加工数が発生。,教育不足,校正プロセス強化,パッケージ箱,J飲料,品質;印刷,Medium,資材課,48,現場からのヒアリング情報を基に要因をナレッジ化予定。,24-72h,"品質,印刷",ローラー摩耗の主因は教育不足。校正プロセスを強化して再発と追加工数の増加を防ぐ。,3,24-72h
130,2025/08/15,粉塵センサー警報,粉塵センサー警報が発生し対応を実施。追加工数が発生。,伝達ミス,二重チェック導入,冊子,B食品,品質;異物;環境,Medium,工程管理課,8,現場からのヒアリング情報を基に要因をナレッジ化予定。,～8h,"品質,異物,環境",粉塵センサーの警報は現場の伝達ミスが原因。二重チェックを導入し情報共有を強化して再発を防止する。,3,～8h
131,2025/05/26,設備モーター異常,設備モーター異常が発生し対応を実施。追加工数が発生。,システム障害,IoT監視強化,書籍,G流通,検査;品質,Critical,資材課,16,現場からのヒアリング情報を基に要因をナレッジ化予定。,8-24h,"設備,モーター,システム,IoT,品質",原因はシステム障害による設備モーターの異常で追加工数が発生。対策としてIoT監視を強化し、早期検知と予防を図る。,5,8-24h
132,2025/08/27,型抜きズレ,型抜きズレが発生し対応を実施。追加工数が発生。,排気不足,作業動線見直し,マニュアル,B食品,物流;データ,Medium,製造一課,24,現場からのヒアリング情報を基に要因をナレッジ化予定。,8-24h,"位置ズレ,型抜き,排気,作業動線,物流",排気不足が原因で型抜きの位置ズレが発生し追加工数が発生。対策として作業動線の見直しを実施。,3,8-24h
133,2025/09/29,エンボス不良,エンボス不良が発生し対応を実施。追加工数が発生。,原材料ロット不良,ネットワーク監視強化,POP,F出版社,工程,Low,品質管理課,24,現場からのヒアリング情報を基に要因をナレッジ化予定。,8-24h,"工程,原材料,ロット,加工,品質",原材料ロット不良が原因でエンボス不良が発生。対策としてネットワーク監視を強化。,2,8-24h
134,2025/06/01,抜き不良,抜き不良が発生し対応を実施。追加工数が発生。,センサー汚れ,試し刷り増加,カタログ,B食品,後加工,Critical,製造三課,8,現場からのヒアリング情報を基に要因をナレッジ化予定。,～8h,後加工,センサーの汚れが原因で抜き不良が発生し、追加工数が発生。対策として試し刷りを増やして不良検知を強化。,5,～8h
135,2025/05/23,設備モーター異常,設備モーター異常が発生し対応を実施。追加工数が発生。,作業標準未確認,標準書改訂,名刺,H化粧品,安全,Medium,製造三課,16,現場からのヒアリング情報を基に要因をナレッジ化予定。,8-24h,"安全,設備,モーター,作業標準,標準書",原因は作業標準の未確認による設備モーター異常。対策は標準書を改訂し、確認プロセスを徹底する。,3,8-24h
136,2025/05/31,プリセット値誤設定,プリセット値誤設定が発生し対応を実施。追加工数が発生。,原材料ロット不良,作業動線見直し,名刺,I自動車,環境;印刷;品質,Medium,工程管理課,4,現場からのヒアリング情報を基に要因をナレッジ化予定。,～8h,"環境,印刷,品質",原材料ロット不良が原因でプリセット値の誤設定が発生し、追加工数が生じた。対策として作業動線を見直し、再発防止を図る。,3,～8h
137,2025/04/11,型抜きズレ,型抜きズレが発生し対応を実施。追加工数が発生。,作業標準未確認,標準書改訂,チラシ,H化粧品,物流;品質;環境,High,設備保全部,6,現場からのヒアリング情報を基に要因をナレッジ化予定。,～8h,"品質,物流,環境",作業標準の未確認により型抜きズレが発生し追加工数が発生。標準書を改訂し、標準の確認・遵守を徹底して再発防止を図る。,4,～8h
138,2025/09/13,型抜きズレ,型抜きズレが発生し対応を実施。追加工数が発生。,センサー汚れ,校正プロセス強化,パッケージ箱,D製薬,安全;後加工;設備,High,製造一課,4,現場からのヒアリング情報を基に要因をナレッジ化予定。,～8h,"安全,後加工,設備",センサー汚れが原因で型抜きズレが発生し、追加工数が発生。校正プロセスを強化して検出精度を維持し再発を防止する。,4,～8h
139,2025/05/08,異物混入疑い,異物混入疑いが発生し対応を実施。追加工数が発生。,センサー汚れ,センサー清掃頻度増加,カタログ,B食品,安全;印刷,Medium,製造二課,12,現場からのヒアリング情報を基に要因をナレッジ化予定。,8-24h,"安全,印刷",センサー汚れが原因で異物混入の疑いが発生し追加工数が発生。対策としてセンサー清掃頻度を増やし検知精度向上と再発防止を図る。,3,8-24h
140,2025/06/06,バーコード読取不良,バーコード読取不良が発生し対応を実施。追加工数が発生。,設定ミス,排気改善,マニュアル,E通販,後加工;データ,Low,資材課,4,現場からのヒアリング情報を基に要因をナレッジ化予定。,～8h,"後加工,データ",設定ミスが原因でバーコード読取不良が発生し、追加工数が発生。排気改善を実施して環境を見直し、再発防止を図る。,2,～8h
141,2025/06/18,ラベル貼付漏れ,ラベル貼付漏れが発生し対応を実施。追加工数が発生。,外注ミス,排気改善,書籍,E通販,工程;異物;製本,High,製造二課,36,現場からのヒアリング情報を基に要因をナレッジ化予定。,24-72h,"工程,異物,製本",外注ミスによりラベル貼付漏れが発生。排気改善で貼付工程の安定化と再発防止を図る。,4,24-72h
142,2025/08/03,支給データ破損,支給データ破損が発生し対応を実施。追加工数が発生。,外注ミス,IoT監視強化,パッケージ箱,G流通,工程;製本;異物,Critical,物流課,48,現場からのヒアリング情報を基に要因をナレッジ化予定。,24-72h,"工程,製本,異物,データ,外注",外注ミスにより支給データが破損し、追加工数と遅延が発生。対策としてIoT監視を強化し、外注データ受け入れ時の品質検知を早期化する。,5,24-72h
143,2025/09/29,粉塵センサー警報,粉塵センサー警報が発生し対応を実施。追加工数が発生。,計画変更未連携,作業動線見直し,チラシ,G流通,製本,Critical,設備保全部,12,現場からのヒアリング情報を基に要因をナレッジ化予定。,8-24h,"製本,安全,センサー,計画変更,動線",計画変更の未連携により作業動線が乱れ、粉塵センサーが警報を発報。対策として作業動線の見直しと計画変更の連携徹底を行う。,5,8-24h
144,2025/07/03,抜き不良,抜き不良が発生し対応を実施。追加工数が発生。,要因解析中,排気改善,POP,H化粧品,検査;品質,High,品質管理課,24,現場からのヒアリング情報を基に要因をナレッジ化予定。,8-24h,"加工,検査,品質",抜き工程で不良が発生し、原因は調査中。暫定対策として排気改善を実施し、追加工数が発生。,4,24-72h
145,2025/04/12,搬送ベルト滑り,搬送ベルト滑りが発生し対応を実施。追加工数が発生。,受入検査不備,湿度管理強化,POP,D製薬,データ;物流;環境,Low,製造二課,8,現場からのヒアリング情報を基に要因をナレッジ化予定。,～8h,"データ,物流,環境",搬送ベルト滑りの原因は受入検査不備で、対策として湿度管理を強化する。影響は軽微で追加工数のみ発生。,2,～8h
146,2025/07/10,排気ダクト詰まり,排気ダクト詰まりが発生し対応を実施。追加工数が発生。,作業標準未確認,湿度管理強化,マニュアル,D製薬,データ;環境;安全,High,製造二課,8,現場からのヒアリング情報を基に要因をナレッジ化予定。,～8h,"データ,環境,安全",排気ダクトが詰まり追加工数が発生。原因は作業標準の未確認で、対策は湿度管理の強化。,4,～8h
147,2025/09/24,断裁寸法不良,断裁寸法不良が発生し対応を実施。追加工数が発生。,排気不足,教育訓練実施,書籍,G流通,後加工;印刷,Medium,製造三課,8,現場からのヒアリング情報を基に要因をナレッジ化予定。,～8h,"後加工,印刷",排気不足により断裁寸法不良が発生。教育訓練を実施して再発防止を図る。,3,～8h
148,2025/07/12,箔押しムラ,箔押しムラが発生し対応を実施。追加工数が発生。,原材料ロット不良,作業動線見直し,POP,D製薬,異物;製本,Medium,製造二課,12,現場からのヒアリング情報を基に要因をナレッジ化予定。,8-24h,"箔押し,異物,製本,原材料,ロット不良",原材料のロット不良により箔押しムラが発生。作業動線を見直して再発防止と追加工数の削減を図る。,3,8-24h
149,2025/06/27,ローラー摩耗,ローラー摩耗が発生し対応を実施。追加工数が発生。,原材料ロット不良,IoT監視強化,パッケージ箱,F出版社,物流,Critical,製造三課,24,現場からのヒアリング情報を基に要因をナレッジ化予定。,8-24h,"設備,原材料,IoT,物流",原材料ロット不良が原因でローラーが摩耗し追加工数が発生。IoT監視を強化して早期検知と予防保全を図る。,5,8-24h
150,2025/08/11,裏移り,裏移りが発生し対応を実施。追加工数が発生。,受入検査不備,二重チェック導入,書籍,F出版社,検査,Low,製造一課,12,現場からのヒアリング情報を基に要因をナレッジ化予定。,8-24h,"印刷不良,検査,品質管理",受入検査の不備により裏移りが発生。対策として受入時の二重チェックを導入し再発防止を図る。,2,8-24h
151,2025/05/21,支給データ破損,支給データ破損が発生し対応を実施。追加工数が発生。,センサー汚れ,ネットワーク監視強化,名刺,C電機,異物,Medium,物流課,36,現場からのヒアリング情報を基に要因をナレッジ化予定。,24-72h,"データ,センサー,ネットワーク,異物,工数",支給データ破損の原因はセンサーの汚れ。ネットワーク監視を強化して早期検知と再発防止を図る。,3,24-72h
152,2025/07/21,ニスムラ,ニスムラが発生し対応を実施。追加工数が発生。,原材料ロット不良,標準書改訂,名刺,E通販,印刷;検査,Critical,製造一課,4,現場からのヒアリング情報を基に要因をナレッジ化予定。,～8h,"印刷,検査",原材料ロット不良により名刺でニスムラが発生。標準書を改訂し、原材料ロット管理と検査手順を強化して再発防止を図る。,5,～8h
153,2025/09/23,折りズレ,折りズレが発生し対応を実施。追加工数が発生。,粉塵堆積,材料受入強化,マニュアル,E通販,異物;データ;安全,Critical,製造一課,4,現場からのヒアリング情報を基に要因をナレッジ化予定。,～8h,"異物,データ,安全",粉塵堆積が原因で折りズレが発生し、追加工数が発生。対策として材料受入の強化を実施する。,5,～8h
154,2025/04/01,出荷誤配送,出荷誤配送が発生し対応を実施。追加工数が発生。,要因解析中,IoT監視強化,パッケージ箱,C電機,工程;検査,Critical,資材課,4,現場からのヒアリング情報を基に要因をナレッジ化予定。,～8h,"出荷,物流,工程,検査,監視",出荷の誤配送が発生し追加工数が発生。原因は解析中だが、IoTによる監視強化で早期検知と再発防止を図る。,5,～8h
155,2025/06/04,断裁寸法不良,断裁寸法不良が発生し対応を実施。追加工数が発生。,センサー汚れ,教育訓練実施,冊子,B食品,製本;工程;後加工,Critical,物流課,16,現場からのヒアリング情報を基に要因をナレッジ化予定。,8-24h,"後加工,製本,工程",センサーの汚れにより断裁寸法不良が発生。対策として教育訓練を実施し再発防止を図る。,4,8-24h
156,2025/04/23,紙粉多発,紙粉多発が発生し対応を実施。追加工数が発生。,作業標準未確認,教育訓練実施,POP,E通販,製本;データ;環境,Medium,製造一課,16,現場からのヒアリング情報を基に要因をナレッジ化予定。,8-24h,"製本,データ,環境",原因は作業標準の未確認により紙粉が多発し追加工数が発生。対策は教育訓練を実施して標準の理解・遵守を徹底する。,3,8-24h
157,2025/09/22,エンボス不良,エンボス不良が発生し対応を実施。追加工数が発生。,外注ミス,IoT監視強化,パッケージ箱,F出版社,データ;物流,Low,工程管理課,4,現場からのヒアリング情報を基に要因をナレッジ化予定。,～8h,"データ,物流",外注のミスによりパッケージ箱のエンボス不良が発生し、追加工数が発生。対策としてIoT監視を強化し、外注工程の異常を早期検知する。,2,～8h
158,2025/09/24,安全カバー未装着,安全カバー未装着が発生し対応を実施。追加工数が発生。,教育不足,教育訓練実施,カタログ,A商事,設備,Medium,物流課,48,現場からのヒアリング情報を基に要因をナレッジ化予定。,24-72h,設備,安全カバー未装着は教育不足が原因。教育訓練を実施して再発防止と追加工数の抑制を図る。,3,24-72h
159,2025/05/16,異物混入疑い,異物混入疑いが発生し対応を実施。追加工数が発生。,計画変更未連携,二重チェック導入,冊子,I自動車,設備,Medium,設備保全部,48,現場からのヒアリング情報を基に要因をナレッジ化予定。,24-72h,設備,計画変更の未連携が原因で異物混入の疑いが発生し、追加工数が生じた。対策として二重チェックを導入し、計画変更時の連携を徹底する。,3,24-72h
160,2025/09/29,型抜きズレ,型抜きズレが発生し対応を実施。追加工数が発生。,原材料ロット不良,湿度管理強化,POP,D製薬,異物;工程;品質,Low,資材課,8,現場からのヒアリング情報を基に要因をナレッジ化予定。,～8h,"位置ズレ,原材料,品質,工程,湿度",原材料ロット不良により型抜きズレが発生。湿度管理を強化して再発防止を図る。,2,～8h
161,2025/05/11,インキ汚れ,インキ汚れが発生し対応を実施。追加工数が発生。,人的ミス,センサー清掃頻度増加,ポスター,E通販,物流;データ;印刷,Low,設備保全部,2,現場からのヒアリング情報を基に要因をナレッジ化予定。,～8h,"物流,データ,印刷",人的ミスによりインキ汚れが発生。センサーの清掃頻度を増やして再発防止を図る。,2,～8h
162,2025/08/23,エンボス不良,エンボス不良が発生し対応を実施。追加工数が発生。,受入検査不備,教育訓練実施,書籍,D製薬,異物,High,品質管理課,24,現場からのヒアリング情報を基に要因をナレッジ化予定。,8-24h,異物,受入検査の不備によりエンボス不良が発生し追加工数が発生。対策として検査に関する教育訓練を実施。,4,8-24h
163,2025/06/21,油圧低下,油圧低下が発生し対応を実施。追加工数が発生。,教育不足,湿度管理強化,書籍,D製薬,品質,Low,製造三課,24,現場からのヒアリング情報を基に要因をナレッジ化予定。,8-24h,品質,原因は教育不足で、湿度管理を強化して再発を抑止します。,2,8-24h
164,2025/06/18,搬送ベルト滑り,搬送ベルト滑りが発生し対応を実施。追加工数が発生。,静電気,排気改善,パッケージ箱,A商事,後加工,High,工程管理課,12,現場からのヒアリング情報を基に要因をナレッジ化予定。,8-24h,"後加工,搬送,静電気,設備",静電気が原因で搬送ベルトが滑り、追加工数が発生。排気改善により静電気対策を実施。,4,8-24h
165,2025/08/06,刷版現像不良,刷版現像不良が発生し対応を実施。追加工数が発生。,受入検査不備,湿度管理強化,冊子,D製薬,検査;物流,High,品質管理課,8,現場からのヒアリング情報を基に要因をナレッジ化予定。,～8h,"検査,物流",受入検査の不備により刷版の現像不良が発生。湿度管理を強化して再発防止を図る。,4,～8h
166,2025/04/25,紙粉多発,紙粉多発が発生し対応を実施。追加工数が発生。,作業標準未確認,材料受入強化,名刺,H化粧品,製本;異物;後加工,Medium,品質管理課,6,現場からのヒアリング情報を基に要因をナレッジ化予定。,～8h,"異物,後加工",紙粉が多発。原因は作業標準の未確認で、対策として材料受入の強化を実施。,3,～8h
167,2025/04/05,排気ダクト詰まり,排気ダクト詰まりが発生し対応を実施。追加工数が発生。,外注ミス,標準書改訂,名刺,F出版社,後加工;検査,Low,品質管理課,8,現場からのヒアリング情報を基に要因をナレッジ化予定。,～8h,"設備,外注,後加工,検査",外注ミスにより排気ダクトが詰まり、追加工数が発生。標準書を改訂し外注管理と設備点検を強化して再発防止。,2,～8h
168,2025/07/04,裏移り,裏移りが発生し対応を実施。追加工数が発生。,外注ミス,設備点検強化,名刺,G流通,工程,Medium,資材課,6,現場からのヒアリング情報を基に要因をナレッジ化予定。,～8h,"工程,印刷不良,外注,設備",外注ミスが原因で裏移りが発生し追加工数が発生。設備点検を強化して再発防止を図る。,3,～8h
169,2025/06/15,異物混入疑い,異物混入疑いが発生し対応を実施。追加工数が発生。,受入検査不備,二重チェック導入,チラシ,A商事,設備;製本;データ,Medium,資材課,48,現場からのヒアリング情報を基に要因をナレッジ化予定。,24-72h,"異物,検査,設備,製本,データ",受入検査不備が原因で異物混入の疑いが発生し追加工数が発生。対策として受入時の二重チェックを導入する。,3,24-72h
170,2025/09/10,エンボス不良,エンボス不良が発生し対応を実施。追加工数が発生。,設定ミス,設備点検強化,ラベル,B食品,データ,High,製造二課,2,現場からのヒアリング情報を基に要因をナレッジ化予定。,～8h,"エンボス,設定,設備点検,データ",原因は設定ミスによるエンボス不良。設備点検を強化して再発防止を図る。,4,～8h
171,2025/09/11,給紙二重送り,給紙二重送りが発生し対応を実施。追加工数が発生。,環境変動,センサー清掃頻度増加,ラベル,E通販,設備,High,製造三課,16,現場からのヒアリング情報を基に要因をナレッジ化予定。,8-24h,"設備,給紙,二重送り,センサー,環境",環境変動により給紙で二重送りが発生。センサーの清掃頻度を増やして誤検知を抑止する。,4,8-24h
172,2025/04/23,搬送ベルト滑り,搬送ベルト滑りが発生し対応を実施。追加工数が発生。,システム障害,試し刷り増加,パッケージ箱,D製薬,物流;検査,Medium,物流課,8,現場からのヒアリング情報を基に要因をナレッジ化予定。,～8h,"搬送,検査",搬送ベルトの滑りはシステム障害が原因。試し刷りを増やして検出強化・品質確認を行う。,3,～8h
173,2025/05/03,静電気付着,静電気付着が発生し対応を実施。追加工数が発生。,環境変動,試し刷り増加,POP,C電機,工程;データ;印刷,Critical,製造一課,2,現場からのヒアリング情報を基に要因をナレッジ化予定。,～8h,"工程,データ,印刷",環境変動により静電気付着が発生。対策として試し刷りを増やし、品質確認を強化して対応した。,4,～8h
174,2025/07/16,作業手順未遵守,作業手順未遵守が発生し対応を実施。追加工数が発生。,機械疲労,センサー清掃頻度増加,POP,D製薬,設備,Low,製造三課,48,現場からのヒアリング情報を基に要因をナレッジ化予定。,24-72h,"設備,手順,保守",原因は機械疲労による設備の不安定化で作業手順未遵守が発生。対策としてセンサーの清掃頻度を増やし再発を抑制する。,2,24-72h
175,2025/09/10,製本落丁,製本落丁が発生し対応を実施。追加工数が発生。,作業標準未確認,標準書改訂,マニュアル,A商事,後加工;印刷;設備,Critical,品質管理課,36,現場からのヒアリング情報を基に要因をナレッジ化予定。,24-72h,"後加工,印刷,設備",製本工程で落丁が発生し、原因は作業標準未確認。対策は標準書を改訂し、作業標準の確認と遵守を徹底する。,5,24-72h
176,2025/08/24,異物混入疑い,異物混入疑いが発生し対応を実施。追加工数が発生。,システム障害,湿度管理強化,マニュアル,I自動車,工程;印刷;品質,Low,品質管理課,48,現場からのヒアリング情報を基に要因をナレッジ化予定。,24-72h,"工程,印刷,品質",異物混入の疑いはシステム障害が原因。湿度管理の強化で再発防止を図った。,2,24-72h
177,2025/07/28,バーコード読取不良,バーコード読取不良が発生し対応を実施。追加工数が発生。,原材料ロット不良,教育訓練実施,マニュアル,I自動車,品質;検査;物流,High,製造二課,16,現場からのヒアリング情報を基に要因をナレッジ化予定。,8-24h,"品質,検査,物流,バーコード,原材料",原材料ロット不良が原因でバーコード読取不良が発生し、追加工数が発生。教育訓練を実施して再発防止を図る。,4,8-24h
178,2025/05/13,紙粉多発,紙粉多発が発生し対応を実施。追加工数が発生。,静電気,試し刷り増加,ラベル,I自動車,印刷,Low,製造一課,16,現場からのヒアリング情報を基に要因をナレッジ化予定。,8-24h,"印刷,紙粉,静電気,ラベル",静電気が原因で紙粉が多発。対策として試し刷りを増やし発生状況を確認・抑制した。,2,8-24h
179,2025/08/01,出荷誤配送,出荷誤配送が発生し対応を実施。追加工数が発生。,設備劣化,作業動線見直し,ラベル,A商事,後加工,Medium,資材課,36,現場からのヒアリング情報を基に要因をナレッジ化予定。,24-72h,"出荷,誤配送,設備,動線,後工程",設備劣化により出荷誤配送が発生。作業動線を見直して誤配送の再発防止と追加工数の削減を図る。,3,24-72h
180,2025/05/29,出荷誤配送,出荷誤配送が発生し対応を実施。追加工数が発生。,環境変動,排気改善,書籍,J飲料,品質,Critical,設備保全部,16,現場からのヒアリング情報を基に要因をナレッジ化予定。,8-24h,品質,原因は環境変動による出荷誤配送で、対策として排気改善を実施する。追加工数の発生抑止と再発防止を図る。,5,8-24h
181,2025/08/04,搬送ベルト滑り,搬送ベルト滑りが発生し対応を実施。追加工数が発生。,作業標準未確認,設備点検強化,冊子,D製薬,安全;データ,Critical,物流課,36,現場からのヒアリング情報を基に要因をナレッジ化予定。,24-72h,"安全,データ",作業標準の未確認により搬送ベルトが滑り、追加工数が発生した。設備点検を強化して再発を防止する。,5,24-72h
182,2025/08/13,JDF連携不良,JDF連携不良が発生し対応を実施。追加工数が発生。,外注ミス,設備点検強化,チラシ,F出版社,異物,Low,物流課,36,現場からのヒアリング情報を基に要因をナレッジ化予定。,24-72h,異物,外注ミスが原因のJDF連携不良により追加工数が発生。対策として設備点検の強化を実施。,2,24-72h
183,2025/05/27,電源瞬断,電源瞬断が発生し対応を実施。追加工数が発生。,設定ミス,湿度管理強化,ポスター,F出版社,物流;工程;安全,Medium,品質管理課,4,現場からのヒアリング情報を基に要因をナレッジ化予定。,～8h,"物流,工程,安全",設定ミスが原因で電源瞬断が発生し追加工数が発生。対策として湿度管理を強化する。,3,～8h
184,2025/04/14,環境湿度異常,環境湿度異常が発生し対応を実施。追加工数が発生。,作業標準未確認,ネットワーク監視強化,ポスター,D製薬,製本;安全;異物,Critical,製造三課,6,現場からのヒアリング情報を基に要因をナレッジ化予定。,～8h,"製本,安全,異物",作業標準未確認が原因で環境湿度が異常となり追加工数が発生。対策としてネットワーク監視の強化を実施。,5,～8h
185,2025/08/06,エンボス不良,エンボス不良が発生し対応を実施。追加工数が発生。,設定ミス,二重チェック導入,名刺,I自動車,品質;安全,Low,製造二課,16,現場からのヒアリング情報を基に要因をナレッジ化予定。,8-24h,"品質,安全",設定ミスにより名刺のエンボス不良が発生し追加工数が発生。二重チェック体制を導入して再発防止を図る。,2,8-24h
186,2025/06/18,温度上昇アラート,温度上昇アラートが発生し対応を実施。追加工数が発生。,粉塵堆積,IoT監視強化,パッケージ箱,A商事,環境;安全;品質,Critical,製造二課,2,現場からのヒアリング情報を基に要因をナレッジ化予定。,～8h,"環境,安全,品質",粉塵堆積が原因で温度上昇アラートが発生。IoT監視を強化して早期検知・再発防止を図る。,5,～8h
187,2025/05/10,支給データ破損,支給データ破損が発生し対応を実施。追加工数が発生。,設備劣化,校正プロセス強化,チラシ,J飲料,品質;後加工,Low,工程管理課,8,現場からのヒアリング情報を基に要因をナレッジ化予定。,～8h,"品質,加工",原因は設備劣化による支給データ破損で追加工数が発生。対策として校正プロセスを強化して再発防止を図る。,2,～8h
188,2025/05/01,センサー誤検知,センサー誤検知が発生し対応を実施。追加工数が発生。,計画変更未連携,ネットワーク監視強化,POP,G流通,環境,Low,資材課,16,現場からのヒアリング情報を基に要因をナレッジ化予定。,8-24h,"環境,センサー,ネットワーク,計画変更",計画変更の未連携によりセンサーの誤検知が発生。対策としてネットワーク監視を強化し再発防止を図る。,2,8-24h
189,2025/06/13,温度上昇アラート,温度上昇アラートが発生し対応を実施。追加工数が発生。,システム障害,二重チェック導入,冊子,A商事,データ;後加工;設備,Critical,品質管理課,36,現場からのヒアリング情報を基に要因をナレッジ化予定。,24-72h,"データ,後加工,設備",システム障害が原因で温度上昇アラートが発生し、対応に追加工数が発生。再発防止として二重チェックを導入。,5,24-72h
190,2025/08/26,色ズレ,色ズレが発生し対応を実施。追加工数が発生。,原材料ロット不良,二重チェック導入,カタログ,J飲料,製本;物流;検査,Medium,工程管理課,48,現場からのヒアリング情報を基に要因をナレッジ化予定。,24-72h,"製本,物流,検査",原材料ロット不良により色ズレが発生し追加工数が生じた。対策として検査の二重チェックを導入し再発防止を図る。,3,24-72h
191,2025/07/09,搬送ベルト滑り,搬送ベルト滑りが発生し対応を実施。追加工数が発生。,設備劣化,標準書改訂,冊子,B食品,後加工;検査,Critical,品質管理課,12,現場からのヒアリング情報を基に要因をナレッジ化予定。,8-24h,"後加工,検査",搬送ベルトの滑りは設備劣化が原因。標準書を改訂して対応し、再発防止を図る。,5,8-24h
192,2025/09/03,排気ダクト詰まり,排気ダクト詰まりが発生し対応を実施。追加工数が発生。,粉塵堆積,ネットワーク監視強化,チラシ,J飲料,製本,High,製造二課,6,現場からのヒアリング情報を基に要因をナレッジ化予定。,～8h,製本,粉塵堆積が原因で排気ダクトが詰まり、追加工数が発生。対策としてネットワーク監視を強化。,4,～8h
193,2025/04/05,倉庫ロケミス,倉庫ロケミスが発生し対応を実施。追加工数が発生。,設定ミス,材料受入強化,カタログ,F出版社,品質;工程,High,製造二課,16,現場からのヒアリング情報を基に要因をナレッジ化予定。,8-24h,"品質,工程",倉庫ロケーションの設定ミスによりロケミスが発生し追加工数が発生。対策として材料受入を強化し誤設定を防止する。,4,8-24h
194,2025/07/16,排気ダクト詰まり,排気ダクト詰まりが発生し対応を実施。追加工数が発生。,排気不足,排気改善,ラベル,H化粧品,検査;データ,Low,品質管理課,24,現場からのヒアリング情報を基に要因をナレッジ化予定。,8-24h,"検査,データ",排気不足により排気ダクトが詰まり追加工数が発生。排気能力の改善（清掃・点検強化やダクト改善）で再発を防止する。,2,8-24h
195,2025/05/14,搬送ベルト滑り,搬送ベルト滑りが発生し対応を実施。追加工数が発生。,外注ミス,材料受入強化,チラシ,H化粧品,製本,Critical,製造一課,6,現場からのヒアリング情報を基に要因をナレッジ化予定。,～8h,製本,搬送ベルトの滑りが発生し、原因は外注ミス。対策として材料受入を強化する。,5,～8h
196,2025/08/23,インキ汚れ,インキ汚れが発生し対応を実施。追加工数が発生。,教育不足,センサー清掃頻度増加,マニュアル,A商事,品質,Medium,工程管理課,8,現場からのヒアリング情報を基に要因をナレッジ化予定。,～8h,"品質,汚れ,教育,センサー,清掃",教育不足によりインキ汚れが発生し追加工数が発生。対策としてセンサーの清掃頻度を増やし再発防止を図る。,3,～8h
197,2025/04/02,インキ汚れ,インキ汚れが発生し対応を実施。追加工数が発生。,人的ミス,教育訓練実施,カタログ,A商事,安全;印刷,High,製造一課,36,現場からのヒアリング情報を基に要因をナレッジ化予定。,24-72h,"安全,印刷",インキ汚れは人的ミスが原因。教育訓練を実施し再発防止を図る。,4,24-72h
198,2025/09/26,ラベル貼付漏れ,ラベル貼付漏れが発生し対応を実施。追加工数が発生。,伝達ミス,校正プロセス強化,パッケージ箱,I自動車,工程;物流;後加工,Low,製造三課,2,現場からのヒアリング情報を基に要因をナレッジ化予定。,～8h,"工程,物流,後加工",伝達ミスによりラベル貼付漏れが発生。対策として校正プロセスを強化し再発防止を図る。,2,～8h
199,2025/06/27,ラベル貼付漏れ,ラベル貼付漏れが発生し対応を実施。追加工数が発生。,要因解析中,湿度管理強化,カタログ,I自動車,印刷,Low,工程管理課,4,現場からのヒアリング情報を基に要因をナレッジ化予定。,～8h,印刷,ラベル貼付漏れが発生。原因は解析中だが、湿度管理を強化して再発防止を図る。,2,～8h
200,2025/09/17,搬送ベルト滑り,搬送ベルト滑りが発生し対応を実施。追加工数が発生。,教育不足,排気改善,名刺,H化粧品,印刷;工程,High,製造一課,24,現場からのヒアリング情報を基に要因をナレッジ化予定。,8-24h,"印刷,工程",搬送ベルトの滑りが発生。原因は教育不足で、対策として排気改善を実施。,4,8-24h
201,2025/09/11,給油不足,給油不足が発生し対応を実施。追加工数が発生。,粉塵堆積,二重チェック導入,POP,A商事,データ,Medium,工程管理課,2,現場からのヒアリング情報を基に要因をナレッジ化予定。,～8h,"設備,潤滑,粉塵,確認,データ",粉塵の堆積が原因で給油不足が発生。対策として二重チェックを導入し再発防止を図る。,3,～8h
202,2025/07/12,ラベル貼付漏れ,ラベル貼付漏れが発生し対応を実施。追加工数が発生。,センサー汚れ,校正プロセス強化,POP,F出版社,後加工;安全;製本,Low,品質管理課,24,現場からのヒアリング情報を基に要因をナレッジ化予定。,8-24h,"後加工,安全,製本",センサーの汚れが原因でラベル貼付漏れが発生。校正プロセスを強化して検出精度を改善し再発防止を図る。,2,24-72h
203,2025/08/16,折りズレ,折りズレが発生し対応を実施。追加工数が発生。,外注ミス,校正プロセス強化,名刺,J飲料,設備;環境;印刷,Medium,品質管理課,12,現場からのヒアリング情報を基に要因をナレッジ化予定。,8-24h,"設備,環境,印刷",外注ミスにより名刺で折りズレが発生し、追加工数が発生。対策として校正プロセスを強化し、外注品質のチェックを徹底する。,3,8-24h
204,2025/09/21,梱包ミス,梱包ミスが発生し対応を実施。追加工数が発生。,静電気,ネットワーク監視強化,カタログ,D製薬,設備;環境,Critical,製造二課,24,現場からのヒアリング情報を基に要因をナレッジ化予定。,8-24h,"設備,環境",梱包ミスが発生し追加工数が発生。原因は静電気で、対策はネットワーク監視強化。,4,8-24h
205,2025/09/09,電源瞬断,電源瞬断が発生し対応を実施。追加工数が発生。,要因解析中,校正プロセス強化,カタログ,A商事,印刷,Medium,品質管理課,4,現場からのヒアリング情報を基に要因をナレッジ化予定。,～8h,"電源,印刷,校正",電源瞬断によりカタログ印刷で追加工数が発生。原因は解析中で、校正プロセス強化により影響低減を図る。,3,～8h
206,2025/06/25,PP剥がれ,PP剥がれが発生し対応を実施。追加工数が発生。,機械疲労,ネットワーク監視強化,マニュアル,A商事,品質;印刷,High,製造一課,8,現場からのヒアリング情報を基に要因をナレッジ化予定。,～8h,"品質,印刷",機械疲労によりPP剥がれが発生。対策としてネットワーク監視を強化。,4,～8h
207,2025/09/22,支給データ破損,支給データ破損が発生し対応を実施。追加工数が発生。,原材料ロット不良,ネットワーク監視強化,マニュアル,H化粧品,安全,Low,品質管理課,12,現場からのヒアリング情報を基に要因をナレッジ化予定。,8-24h,安全,支給データ破損の原因は原材料ロット不良。対策としてネットワーク監視を強化して再発防止を図る。,2,8-24h
208,2025/04/16,排気ダクト詰まり,排気ダクト詰まりが発生し対応を実施。追加工数が発生。,静電気,湿度管理強化,冊子,E通販,後加工,Medium,製造二課,36,現場からのヒアリング情報を基に要因をナレッジ化予定。,24-72h,"後加工,設備,排気,静電気,湿度",静電気により排気ダクトが詰まり追加工数が発生。湿度管理を強化して静電気を抑制し再発防止を図る。,3,24-72h
209,2025/04/22,断裁寸法不良,断裁寸法不良が発生し対応を実施。追加工数が発生。,外注ミス,IoT監視強化,POP,E通販,環境,Medium,資材課,6,現場からのヒアリング情報を基に要因をナレッジ化予定。,～8h,"寸法,断裁,外注,IoT,環境",外注による断裁寸法不良が発生し追加工数が発生。IoT監視を強化して早期検知と再発防止を図る。,3,～8h
210,2025/08/17,刷版現像不良,刷版現像不良が発生し対応を実施。追加工数が発生。,教育不足,設備点検強化,ラベル,E通販,製本,High,設備保全部,4,現場からのヒアリング情報を基に要因をナレッジ化予定。,～8h,製本,教育不足により刷版現像不良が発生。設備点検の強化で再発防止と追加工数の抑制を図る。,4,～8h
211,2025/05/30,温度上昇アラート,温度上昇アラートが発生し対応を実施。追加工数が発生。,設定ミス,排気改善,ラベル,D製薬,後加工;環境,High,設備保全部,2,現場からのヒアリング情報を基に要因をナレッジ化予定。,～8h,"後加工,環境",設定ミスにより温度上昇アラートが発生し追加工数が発生。排気改善で再発防止を図る。,4,～8h
212,2025/08/22,折りズレ,折りズレが発生し対応を実施。追加工数が発生。,原材料ロット不良,二重チェック導入,マニュアル,B食品,異物;品質,Medium,製造一課,12,現場からのヒアリング情報を基に要因をナレッジ化予定。,8-24h,"品質,異物",原材料ロット不良により折りズレが発生し追加工数が必要となった。対策として二重チェックを導入し再発防止を図る。,3,8-24h
213,2025/09/24,異物混入疑い,異物混入疑いが発生し対応を実施。追加工数が発生。,原材料ロット不良,排気改善,冊子,A商事,データ;物流;印刷,Medium,設備保全部,24,現場からのヒアリング情報を基に要因をナレッジ化予定。,8-24h,"データ,物流,印刷",原材料ロット不良により異物混入の疑いが発生。排気改善を実施し再発抑止を図る。,3,8-24h
214,2025/04/19,紙ロット色差,紙ロット色差が発生し対応を実施。追加工数が発生。,センサー汚れ,湿度管理強化,名刺,J飲料,安全,Critical,製造三課,2,現場からのヒアリング情報を基に要因をナレッジ化予定。,～8h,"色,紙,センサー,湿度,安全",紙ロットの色差はセンサー汚れが原因。湿度管理を強化して再発防止を図る。,4,～8h
215,2025/04/19,紙粉多発,紙粉多発が発生し対応を実施。追加工数が発生。,設備劣化,排気改善,ポスター,H化粧品,環境;後加工,Low,設備保全部,8,現場からのヒアリング情報を基に要因をナレッジ化予定。,～8h,"環境,後加工",設備劣化が原因で紙粉が多発。対策として排気を改善し、追加工数の発生抑制を図る。,2,～8h
216,2025/06/27,静電気付着,静電気付着が発生し対応を実施。追加工数が発生。,設備劣化,設備点検強化,冊子,F出版社,製本,Low,製造三課,4,現場からのヒアリング情報を基に要因をナレッジ化予定。,～8h,"製本,静電気,設備",設備劣化により製本工程で静電気付着が発生し追加工数が発生。対策として設備の点検を強化する。,2,～8h
217,2025/08/25,製本落丁,製本落丁が発生し対応を実施。追加工数が発生。,受入検査不備,湿度管理強化,冊子,G流通,工程;物流;データ,Critical,製造三課,24,現場からのヒアリング情報を基に要因をナレッジ化予定。,8-24h,"工程,物流,データ",製本で落丁が発生し、原因は受入検査の不備。対策として湿度管理を強化して再発防止を図る。,5,24-72h
218,2025/05/17,RIPエラー,RIPエラーが発生し対応を実施。追加工数が発生。,外注ミス,センサー清掃頻度増加,チラシ,H化粧品,異物;印刷,Critical,工程管理課,12,現場からのヒアリング情報を基に要因をナレッジ化予定。,8-24h,"異物,印刷",外注ミスが原因でRIPエラーが発生し追加工数が発生。対策としてセンサーの清掃頻度を増やす。,5,8-24h
219,2025/04/21,環境湿度異常,環境湿度異常が発生し対応を実施。追加工数が発生。,外注ミス,作業動線見直し,チラシ,C電機,品質;安全,Medium,製造一課,36,現場からのヒアリング情報を基に要因をナレッジ化予定。,24-72h,"品質,安全",外注ミスにより環境湿度が異常となり追加工数が発生。作業動線の見直しで再発防止を図る。,3,24-72h
220,2025/04/19,温度上昇アラート,温度上昇アラートが発生し対応を実施。追加工数が発生。,作業標準未確認,教育訓練実施,カタログ,I自動車,物流,Low,製造二課,48,現場からのヒアリング情報を基に要因をナレッジ化予定。,24-72h,物流,作業標準の未確認により温度上昇アラートが発生して追加工数が発生。対策として教育訓練を実施する。,2,24-72h
221,2025/07/15,バーコード読取不良,バーコード読取不良が発生し対応を実施。追加工数が発生。,排気不足,教育訓練実施,カタログ,A商事,異物,Medium,製造三課,24,現場からのヒアリング情報を基に要因をナレッジ化予定。,8-24h,異物,排気不足が原因で異物の影響によるバーコード読取不良が発生。対策として教育訓練を実施し再発防止を図る。,3,8-24h
222,2025/08/26,温度上昇アラート,温度上昇アラートが発生し対応を実施。追加工数が発生。,システム障害,教育訓練実施,ラベル,D製薬,設備;印刷,High,製造一課,12,現場からのヒアリング情報を基に要因をナレッジ化予定。,8-24h,"設備,印刷",温度上昇アラートはシステム障害が原因。再発防止として教育訓練を実施。,4,8-24h
223,2025/06/13,抜き不良,抜き不良が発生し対応を実施。追加工数が発生。,静電気,二重チェック導入,冊子,F出版社,物流,Critical,資材課,12,現場からのヒアリング情報を基に要因をナレッジ化予定。,8-24h,"抜き,静電気,検査,物流,品質",静電気により冊子の抜き工程で不良が発生し追加工数が発生。再発防止として二重チェックを導入。,5,8-24h
224,2025/04/08,粉塵センサー警報,粉塵センサー警報が発生し対応を実施。追加工数が発生。,人的ミス,二重チェック導入,名刺,I自動車,異物,Low,製造一課,4,現場からのヒアリング情報を基に要因をナレッジ化予定。,～8h,異物,粉塵センサーの警報は人的ミスが原因。二重チェックを導入して再発防止を図る。,2,～8h
225,2025/05/16,抜き不良,抜き不良が発生し対応を実施。追加工数が発生。,排気不足,ネットワーク監視強化,ラベル,D製薬,後加工,High,設備保全部,24,現場からのヒアリング情報を基に要因をナレッジ化予定。,8-24h,後加工,抜き不良の原因は排気不足。対策としてネットワーク監視強化を実施した。,4,8-24h
226,2025/07/05,見当不良,見当不良が発生し対応を実施。追加工数が発生。,環境変動,IoT監視強化,ポスター,J飲料,製本;安全,Low,品質管理課,8,現場からのヒアリング情報を基に要因をナレッジ化予定。,～8h,"製本,安全",環境変動が原因で見当不良が発生し追加工数が発生。IoT監視を強化して環境変動を早期検知・是正する。,2,～8h
227,2025/06/30,環境湿度異常,環境湿度異常が発生し対応を実施。追加工数が発生。,伝達ミス,湿度管理強化,ラベル,H化粧品,製本,Low,製造二課,48,現場からのヒアリング情報を基に要因をナレッジ化予定。,24-72h,"環境,湿度,伝達ミス,ラベル,製本",原因は伝達ミスにより湿度管理が不十分となり環境湿度が異常化した。対策として湿度管理を強化し、情報伝達の徹底を行う。,2,24-72h
228,2025/08/14,製本落丁,製本落丁が発生し対応を実施。追加工数が発生。,システム障害,標準書改訂,マニュアル,E通販,データ;環境,Medium,工程管理課,48,現場からのヒアリング情報を基に要因をナレッジ化予定。,24-72h,"データ,環境",製本落丁の原因はシステム障害。標準書改訂で再発防止を図る。,3,24-72h
229,2025/04/11,仕様変更未反映,仕様変更未反映が発生し対応を実施。追加工数が発生。,原材料ロット不良,校正プロセス強化,ポスター,J飲料,物流;異物,Low,製造一課,8,現場からのヒアリング情報を基に要因をナレッジ化予定。,～8h,"物流,異物混入",原因は原材料ロット不良で仕様変更未反映が発生し、対策として校正プロセスを強化して再発防止を図った。,2,～8h
230,2025/05/15,ローラー摩耗,ローラー摩耗が発生し対応を実施。追加工数が発生。,原材料ロット不良,校正プロセス強化,パッケージ箱,D製薬,製本;安全,Medium,製造三課,36,現場からのヒアリング情報を基に要因をナレッジ化予定。,24-72h,"製本,安全",原材料ロット不良によりローラーが摩耗し、追加工数が発生。対策として校正プロセスを強化し、材料ロットの品質確認を徹底する。,3,24-72h
231,2025/08/11,プリセット値誤設定,プリセット値誤設定が発生し対応を実施。追加工数が発生。,教育不足,排気改善,POP,A商事,検査;品質;データ,High,品質管理課,8,現場からのヒアリング情報を基に要因をナレッジ化予定。,～8h,"検査,品質,データ",プリセット値の誤設定は教育不足が原因。対策として排気改善を実施。,4,～8h
232,2025/06/19,搬送ベルト滑り,搬送ベルト滑りが発生し対応を実施。追加工数が発生。,受入検査不備,ネットワーク監視強化,POP,F出版社,製本;異物;後加工,Critical,製造三課,4,現場からのヒアリング情報を基に要因をナレッジ化予定。,～8h,"製本,異物,後加工",受入検査の不備により搬送ベルトが滑り追加工数が発生。対策としてネットワーク監視を強化する。,5,～8h
233,2025/04/16,支給データ破損,支給データ破損が発生し対応を実施。追加工数が発生。,静電気,標準書改訂,パッケージ箱,I自動車,物流,High,物流課,16,現場からのヒアリング情報を基に要因をナレッジ化予定。,8-24h,物流,支給データが静電気の影響で破損し追加工数が発生。標準書を改訂して静電気対策とデータ取扱手順を明確化。,4,8-24h
234,2025/07/19,紙粉多発,紙粉多発が発生し対応を実施。追加工数が発生。,外注ミス,材料受入強化,マニュアル,A商事,製本;後加工;物流,Low,製造三課,4,現場からのヒアリング情報を基に要因をナレッジ化予定。,～8h,"後加工,物流",外注ミスにより紙粉が多発して追加工数が発生。材料受入強化で再発防止を図る。,2,～8h
235,2025/05/11,静電気付着,静電気付着が発生し対応を実施。追加工数が発生。,作業標準未確認,二重チェック導入,マニュアル,H化粧品,製本,Critical,資材課,24,現場からのヒアリング情報を基に要因をナレッジ化予定。,8-24h,"静電気,製本,作業標準,チェック,工数",作業標準未確認により静電気付着が発生し追加工数が増加。対策として二重チェックを導入。,5,24-72h
236,2025/05/22,QR印字欠け,QR印字欠けが発生し対応を実施。追加工数が発生。,静電気,試し刷り増加,カタログ,F出版社,データ,High,製造一課,48,現場からのヒアリング情報を基に要因をナレッジ化予定。,24-72h,"印刷,QRコード,静電気,試し刷り,データ",静電気によりQRコードの印字欠けが発生したため、対策として試し刷りを増やして事前検出・防止を図った。,4,24-72h
237,2025/09/23,製本落丁,製本落丁が発生し対応を実施。追加工数が発生。,システム障害,教育訓練実施,ポスター,B食品,物流,Medium,品質管理課,36,現場からのヒアリング情報を基に要因をナレッジ化予定。,24-72h,物流,システム障害により製本で落丁が発生し、追加工数が発生。教育訓練を実施して再発防止を図る。,3,24-72h
238,2025/05/11,プリセット値誤設定,プリセット値誤設定が発生し対応を実施。追加工数が発生。,システム障害,材料受入強化,マニュアル,F出版社,データ;環境,High,製造一課,2,現場からのヒアリング情報を基に要因をナレッジ化予定。,～8h,"データ,環境",システム障害によりプリセット値が誤設定され追加工数が発生。材料受入強化で再発抑制を図る。,4,～8h
239,2025/05/31,静電気付着,静電気付着が発生し対応を実施。追加工数が発生。,要因解析中,湿度管理強化,POP,A商事,検査,Medium,工程管理課,12,現場からのヒアリング情報を基に要因をナレッジ化予定。,8-24h,"静電気,付着,湿度管理,検査",静電気による付着が発生し追加工数が発生。原因は解析中で湿度管理の強化を実施。,3,8-24h
240,2025/09/05,安全カバー未装着,安全カバー未装着が発生し対応を実施。追加工数が発生。,人的ミス,材料受入強化,名刺,B食品,環境,Critical,物流課,4,現場からのヒアリング情報を基に要因をナレッジ化予定。,～8h,"安全,ヒューマンエラー,受入,環境",人的ミスにより安全カバー未装着が発生し追加工数が発生。材料受入の強化（受入時の確認徹底）で再発防止を図る。,5,～8h
241,2025/09/02,作業手順未遵守,作業手順未遵守が発生し対応を実施。追加工数が発生。,受入検査不備,標準書改訂,POP,E通販,環境;印刷,Critical,工程管理課,12,現場からのヒアリング情報を基に要因をナレッジ化予定。,8-24h,"印刷,環境",受入検査不備が原因で作業手順未遵守が発生し追加工数が発生。対策は標準書改訂。,5,8-24h
242,2025/04/07,版材キズ,版材キズが発生し対応を実施。追加工数が発生。,伝達ミス,試し刷り増加,パッケージ箱,E通販,印刷;物流;安全,Low,資材課,48,現場からのヒアリング情報を基に要因をナレッジ化予定。,24-72h,"印刷,物流,安全",版材キズは伝達ミスが原因。対策として試し刷りを増やして検知精度を高め、再発を抑止する。,2,24-72h
243,2025/08/28,断裁寸法不良,断裁寸法不良が発生し対応を実施。追加工数が発生。,計画変更未連携,センサー清掃頻度増加,POP,J飲料,データ;工程,Medium,品質管理課,6,現場からのヒアリング情報を基に要因をナレッジ化予定。,～8h,"寸法,断裁,工程,データ",計画変更の未連携が原因で断裁寸法不良が発生。対策はセンサーの清掃頻度を増やして検出精度を維持し、再発を抑止する。,3,～8h
244,2025/06/05,抜き不良,抜き不良が発生し対応を実施。追加工数が発生。,人的ミス,ネットワーク監視強化,カタログ,C電機,検査,Medium,物流課,2,現場からのヒアリング情報を基に要因をナレッジ化予定。,～8h,検査,抜き不良は人的ミスが原因。対策としてネットワーク監視の強化を実施。,3,～8h
245,2025/05/11,作業手順未遵守,作業手順未遵守が発生し対応を実施。追加工数が発生。,原材料ロット不良,ネットワーク監視強化,ポスター,I自動車,データ;検査;製本,High,資材課,16,現場からのヒアリング情報を基に要因をナレッジ化予定。,8-24h,"データ,検査,製本",原材料ロット不良と作業手順未遵守が原因で追加工数が発生。対策としてネットワーク監視の強化を実施。,4,8-24h
246,2025/04/08,設備モーター異常,設備モーター異常が発生し対応を実施。追加工数が発生。,原材料ロット不良,材料受入強化,パッケージ箱,A商事,設備;印刷,Medium,物流課,4,現場からのヒアリング情報を基に要因をナレッジ化予定。,～8h,"設備,印刷",設備モーター異常は原材料ロット不良が原因。対策として材料受入を強化し、再発防止と早期復旧を図る。,3,～8h
247,2025/05/24,排気ダクト詰まり,排気ダクト詰まりが発生し対応を実施。追加工数が発生。,環境変動,ネットワーク監視強化,チラシ,I自動車,設備;検査;物流,Medium,製造三課,4,現場からのヒアリング情報を基に要因をナレッジ化予定。,～8h,"設備,検査,物流",排気ダクトが環境変動により詰まり、追加工数が発生。対策としてネットワーク監視を強化する。,3,～8h
248,2025/08/20,製本落丁,製本落丁が発生し対応を実施。追加工数が発生。,機械疲労,材料受入強化,ポスター,H化粧品,後加工,High,資材課,12,現場からのヒアリング情報を基に要因をナレッジ化予定。,8-24h,"後加工,製本,落丁,機械疲労",製本工程で落丁が発生し、原因は機械疲労。対策として材料受入強化を実施し、再発防止と追加工数の抑制を図る。,4,8-24h
249,2025/05/08,箔押しムラ,箔押しムラが発生し対応を実施。追加工数が発生。,外注ミス,校正プロセス強化,POP,D製薬,安全;データ,Critical,物流課,16,現場からのヒアリング情報を基に要因をナレッジ化予定。,8-24h,"箔押し,ムラ,外注,校正,データ",外注ミスが原因で箔押しのムラが発生し、追加工数が発生。対策として校正プロセスを強化する。,5,8-24h
250,2025/08/08,抜き不良,抜き不良が発生し対応を実施。追加工数が発生。,センサー汚れ,ネットワーク監視強化,マニュアル,I自動車,安全;製本,Low,製造三課,12,現場からのヒアリング情報を基に要因をナレッジ化予定。,8-24h,"安全,製本",センサーの汚れが原因で抜き不良が発生。対策としてネットワーク監視を強化。,2,8-24h
